username,is_bot_declared,follow_ratio,avg_time_diff_minutes,engagement_rate,night_post_ratio,lexical_diversity,kmeans_cluster,dbscan_cluster,iso_outlier
SteveThompson,0,-0.4043836687398058,-0.1422148974266174,-0.1257133416533836,2.6392390283844693,1.1582932151965248,2,0,1
Dragofix,0,0.1318407605588923,-0.14259709401275,-0.2981898511406636,2.6392390283844693,1.1582932151965248,2,0,-1
carinju,0,0.180952558357585,-0.1201076028562691,0.3708099432342406,-0.5101744304681157,1.1582932151965248,0,0,1
rssbot,1,-0.2232035703788188,-0.1422432512295676,-0.3138695338213255,2.6392390283844693,1.1582932151965248,2,0,1
blogto_mirror,1,-0.4215040161608709,-0.1288950980097188,-0.3190960947148794,2.114336785242372,1.1582932151965248,2,0,1
solarphasing,0,0.040033727856061,-0.1380154789751794,-0.1675258288018151,1.4144671277195755,1.1582932151965248,2,0,1
tangledwing,0,-0.0725379735977305,-0.1104317999061228,3.412668383282634,1.4144671277195755,1.1582932151965248,2,-1,-1
wallpapers,1,-0.444562207530877,-0.1405073714870601,-0.3190960947148794,-0.3352070160874166,1.1582932151965248,0,0,1
tness16,0,0.7401363238290457,-0.1088111515553717,-0.2720570466728939,0.0147278126739818,1.1582932151965248,0,0,1
nhgeek,0,1.4480541401192195,-0.0228629421346348,-0.1518461461211533,1.9393693708616728,1.1582932151965248,2,0,-1
cazabon,0,-0.1938196804913775,-0.1375384468254598,-0.2825101684600018,1.7644019564809736,1.1582932151965248,2,0,1
MacSourcePorts,0,-0.3961167145514703,-0.0964734202320418,0.166974068385637,1.0645322989581771,1.1582932151965248,2,0,1
irishindependent,1,-0.444562207530877,-0.1426255292341525,-0.3190960947148794,2.6392390283844693,1.1582932151965248,2,0,1
nyt_us,1,-0.0756311456107801,-0.1390723512968446,-0.2093383159502466,-0.3352070160874166,1.1582932151965248,0,0,1
CuratedRenoir,1,-0.4215040161608709,-0.120309344788178,-0.2981898511406636,0.0147278126739818,1.1582932151965248,0,0,1
TIBtv,1,-0.444562207530877,-0.1200884862935659,-0.0734477327178442,1.0645322989581771,1.1582932151965248,2,0,1
fediboard_travel,1,-0.444562207530877,-0.1214434192684457,-0.3138695338213255,1.0645322989581771,1.1582932151965248,2,0,1
MATAK79,0,0.0710654784167954,-0.1272840350443038,-0.2825101684600018,0.1896952270546809,1.1582932151965248,0,0,1
MilagrosdeMiau,0,0.1088343853492682,3.0191200767756943,-0.1175001745349417,-0.360202360998945,1.1582932151965248,0,1,-1
SydneyJim,0,-0.3140771161570322,-0.1415605215636944,-0.2877367293535557,0.5396300558160795,1.1582932151965248,0,0,1
CuratedReligiousArt,1,-0.4168923778868697,-0.1202776477167339,-0.3034164120342176,0.0147278126739818,1.1582932151965248,0,0,1
MagnusIdode,0,-0.1190347999543209,-0.1367061574799156,-0.1622992679082612,0.3646626414353801,1.1582932151965248,0,0,1
mathaetaes,0,0.7175706375174281,-0.1184668266819728,-0.09435397629206,0.0147278126739818,1.1582932151965248,0,0,1
sigmanphi.bsky.social,0,-0.0492789269022018,-0.1415454449324095,-0.177978950588923,0.3646626414353801,1.1582932151965248,0,0,1
GrandpaFoodie,0,1.0879206650602944,-0.1286042135224449,-0.2093383159502466,0.0147278126739818,1.1582932151965248,0,0,1
dailymusic,1,-0.444562207530877,-0.0507548433483475,-0.2929632902471097,2.6392390283844693,1.1582932151965248,2,0,-1
tkhunt,0,-0.444562207530877,-0.1424376650747744,-0.3138695338213255,2.6392390283844693,1.1582932151965248,2,0,1
taiwan_news,1,-0.431692519324362,-0.1389998255074248,-0.3138695338213255,1.4144671277195755,1.1582932151965248,2,0,1
CuratedTintoretto,1,-0.3984458247908649,-0.1203092568732894,-0.2981898511406636,0.0147278126739818,1.1582932151965248,0,0,1
eri,0,0.2442625342786704,-0.1400760507129777,-0.0682211718242902,-0.1602396017067173,1.1582932151965248,0,0,1
billboard.com,0,-0.444562207530877,-0.1406394301931989,-0.2145648768438006,-0.3352070160874166,1.1582932151965248,0,0,1
Anja2,0,-0.2456287917896483,-0.1319146629251651,0.07812253319522,0.5396300558160795,1.1582932151965248,0,0,1
news_global,1,-0.444562207530877,-0.1422139640165126,-0.3086429729277715,2.6392390283844693,1.1582932151965248,2,0,1
oldbookillustrations,0,-0.3087822498018258,-0.1228210987697135,2.3098640347427524,0.1896952270546809,1.1582932151965248,0,-1,-1
jessicaperthwa.bsky.social,0,0.0223661677117455,-0.1421996192993067,-0.2929632902471097,2.6392390283844693,1.1582932151965248,2,0,1
FreebieGamesDrops,0,-0.444562207530877,-0.1374147621855251,-0.2197914377373545,-0.5101744304681157,1.1582932151965248,0,0,1
P4F_Bonn,0,0.5430378659167668,-0.0756627128104734,-0.2877367293535557,0.5396300558160795,1.1582932151965248,0,0,1
LukeOrion,0,-0.1276598851123323,-0.1191187067950983,-0.1675258288018151,0.5396300558160795,1.1582932151965248,0,0,1
politico_eu_bot,1,-0.444562207530877,-0.1398310639212655,-0.3138695338213255,0.0147278126739818,1.1582932151965248,0,0,1
cacophony,0,0.2401488311174383,-0.1256449628533125,-0.2720570466728939,-0.1602396017067173,1.1582932151965248,0,0,1
sanitation,0,-0.444562207530877,-0.1416182296740422,-0.000275880208089,0.8895648845774778,1.1582932151965248,2,0,1
news_politics,1,-0.444562207530877,-0.1423577376078734,-0.3190960947148794,2.6392390283844693,1.1582932151965248,2,0,1
eincarsten,0,3.7484812077533,-0.0382477656379593,-0.2929632902471097,-0.1602396017067173,1.1582932151965248,1,2,-1
cbcedmonton_mirror,1,-0.4161828950754849,-0.1350064341331614,-0.2981898511406636,-0.5101744304681157,1.1582932151965248,0,0,1
harmonycorrupted,0,-0.3817014214440622,-0.1412620763427476,-0.2459242422051242,-0.1602396017067173,1.1582932151965248,0,0,1
walknews,0,-0.444562207530877,-0.1426130156067562,-0.3034164120342176,2.6392390283844693,1.1582932151965248,2,0,1
news,0,-0.444562207530877,-0.1425366026054219,-0.3190960947148794,2.6392390283844693,1.1582932151965248,2,0,1
gamesbrieflynews,1,-0.444562207530877,-0.1374025416965068,-0.26683048577934,0.5396300558160795,1.1582932151965248,0,0,1
oshiri,1,-0.3250788522499365,-0.1320343145028642,-0.1048070980791678,0.5396300558160795,1.1582932151965248,0,0,1
fogolf,0,-0.444562207530877,-0.1425589673863002,-0.2877367293535557,2.6392390283844693,1.1582932151965248,2,0,1
news_economy,1,-0.444562207530877,-0.1423161497653354,-0.3190960947148794,2.6392390283844693,1.1582932151965248,2,0,1
CuratedWeirdTales,1,-0.4376447501198752,-0.1203090514368022,-0.0159555628887508,0.0147278126739818,1.1582932151965248,0,0,1
labr,0,-0.3049416803380584,-0.1376961717801304,-0.1518461461211533,0.0147278126739818,1.1582932151965248,0,0,1
dicenbuttons,0,0.0822287799223381,-0.123339436060491,0.2244662382147303,-0.1602396017067173,1.1582932151965248,0,0,1
mynameisbob,0,-0.444562207530877,-0.0951755277788006,-0.1466195852275993,1.0645322989581771,1.1582932151965248,2,0,1
CatherineBabault,0,-0.3415327180054484,-0.1371812157779743,1.0136769331413753,0.1896952270546809,1.1582932151965248,0,0,1
terrillmoore,0,0.2588515340215968,-0.0113326570920019,0.0363100460467885,-0.5101744304681157,1.1582932151965248,0,0,1
thejapantimes,0,-0.4443807957646485,-0.1412396094826194,0.0310834851532345,0.8895648845774778,1.1582932151965248,2,0,1
mediterraneandiet,0,-0.444562207530877,-0.1399327031174431,-0.3034164120342176,-0.1602396017067173,1.1582932151965248,0,0,1
mikhu,0,-0.1203063913901669,-0.0424347721152552,0.0206303633661266,-0.3352070160874166,1.1582932151965248,0,0,1
Laurrentiu,0,-0.4299510763657246,-0.1296555005595825,0.1199350203436515,1.239499713338876,1.1582932151965248,2,0,1
bbcnewsfeed,1,-0.444562207530877,-0.1414279484675954,-0.3034164120342176,1.0645322989581771,1.1582932151965248,2,0,1
nyt_sports,1,-0.0756311456107801,-0.1367678203757659,-0.2093383159502466,0.0147278126739818,1.1582932151965248,0,0,1
athletic,1,-0.43921824901594,-0.1424662600446117,-0.3190960947148794,2.6392390283844693,1.1582932151965248,2,0,1
lucidillusions.in,0,-0.3655055514051419,-0.135980755865376,-0.2720570466728939,-0.685141844848815,1.1582932151965248,0,0,1
bielsubob,0,0.1489079317302443,-0.1403688695940492,-0.2093383159502466,0.3646626414353801,1.1582932151965248,0,0,1
bobthetraveler,1,-0.2869644821671834,-0.1421213099243023,-0.1988851941631388,2.6392390283844693,1.1582932151965248,2,0,1
castiellon,0,3.9826105355102848,0.08155528442218,-0.1681065577899878,-0.4712927828279604,1.1582932151965248,1,2,-1
yayafa,0,-0.444562207530877,-0.142472756480962,-0.2302445595244624,2.6392390283844693,1.1582932151965248,2,0,1
dc,0,-0.444562207530877,-0.1425782436974383,-0.2145648768438006,2.6392390283844693,1.1582932151965248,2,0,1
davevolek,0,0.174884946434963,-0.1360377836603893,-0.2981898511406636,0.0147278126739818,1.1582932151965248,0,0,1
life,0,-0.444562207530877,-0.1425078478871498,-0.3086429729277715,2.6392390283844693,1.1582932151965248,2,0,1
minimarket,0,-0.3942534263599547,-0.0508315225970733,-0.2720570466728939,1.239499713338876,1.1582932151965248,2,0,1
foxmental.bsky.social,0,-0.3955890577184747,-0.1419256360899405,-0.2250179986309085,1.9393693708616728,1.1582932151965248,2,0,1
cbcmontreal_mirror,1,-0.4392917637891613,-0.1319454411236119,-0.2772836075664479,-0.1602396017067173,1.1582932151965248,0,0,1
CuratedLandscape,1,-0.4168923778868697,-0.1203089884426694,-0.2981898511406636,0.0147278126739818,1.1582932151965248,0,0,1
LifeInTheRound,0,0.0444391454504877,-0.1243691061524233,0.6687239141668152,0.7145974701967787,1.1582932151965248,0,0,1
intamixx,0,-0.444562207530877,-0.1392202218498149,-0.3190960947148794,-0.1602396017067173,1.1582932151965248,0,0,1
theguardian_world_news,1,-0.444562207530877,-0.1411441287483535,0.0258569242596806,0.5396300558160795,1.1582932151965248,0,0,1
GetMusic,0,-0.2718288287356066,-0.1366770329440168,-0.2511508030986782,-0.1602396017067173,1.1582932151965248,0,0,1
nerds.xyz,0,-0.444562207530877,-0.1215536456884889,-0.2511508030986782,-0.3352070160874166,1.1582932151965248,0,0,1
BypassBlues,0,1.517837058001553,-0.1389559479373206,-0.2981898511406636,-0.1602396017067173,1.1582932151965248,0,0,1
KellyJu,0,-0.2333421339125009,-0.1104684355471807,0.2453724817889461,1.7644019564809736,1.1582932151965248,2,0,1
NMARoulette,1,0.1142421696445139,-0.1306930133944246,-0.2929632902471097,0.0147278126739818,1.1582932151965248,0,0,1
DamirAkhmadi,0,0.5419273710815558,-0.0652145277753344,-0.1936586332695848,-0.3352070160874166,1.1582932151965248,0,0,1
cnbusinessforum,0,-0.4405520872926151,-0.1397505899017195,-0.0786742936113981,0.1896952270546809,1.1582932151965248,0,0,1
CuratedVanGogh,1,-0.4360484137942593,-0.120309365715223,-0.1466195852275993,0.0147278126739818,1.1582932151965248,0,0,1
Pioter,0,-0.0924007393344209,-0.0461245882138342,-0.005502441101643,1.4144671277195755,1.1582932151965248,2,0,1
MrCopperpot,0,0.0417560104547051,-0.1033232194813023,-0.2354711204180163,0.7145974701967787,1.1582932151965248,2,0,1
theblazetrends,0,-0.444562207530877,-0.140626721992209,-0.1936586332695848,0.1896952270546809,1.1582932151965248,0,0,1
sport_ua_feed,1,-0.444562207530877,-0.1417700231160775,-0.3190960947148794,2.114336785242372,1.1582932151965248,2,0,1
ToTheOneWhoHoldsMe,0,1.4284724145249992,-0.0686807418596812,-0.3190960947148794,0.5396300558160795,1.1582932151965248,0,0,1
pesasafi,0,-0.2574424962692451,0.421726020213048,0.1094818985565436,-0.685141844848815,1.1582932151965248,0,0,1
cheapshark,0,-0.415999802737063,-0.1258917255151253,-0.2145648768438006,-0.1602396017067173,1.1582932151965248,0,0,1
csilverman,0,-0.4043002430897083,-0.1198511019831175,5.581691154107519,0.5396300558160795,1.1582932151965248,0,-1,-1
kpop,0,-0.444562207530877,-0.1423672160150076,-0.3190960947148794,2.6392390283844693,1.1582932151965248,2,0,1
FrankauLux,0,0.1749635379575874,-0.125534975896173,-0.2877367293535557,-0.685141844848815,1.1582932151965248,0,0,1
earthalerts,0,-0.4115236049708684,-0.1354854896565568,0.1722006292791909,0.0147278126739818,1.1582932151965248,0,0,1
thuwuwu.bsky.social,0,-0.4291900799508729,-0.1164739618155582,-0.2825101684600018,0.8895648845774778,1.1582932151965248,2,0,1
PugJesus,0,-0.444562207530877,-0.1424518440263544,-0.1518461461211533,2.6392390283844693,1.1582932151965248,2,0,1
minimarket,0,-0.4154360710635009,-0.0508313628486384,0.0310834851532345,1.4144671277195755,1.1582932151965248,2,0,1
nedraggett,0,-0.1555763222686301,-0.1233115174655268,-0.0734477327178442,0.0147278126739818,1.1582932151965248,0,0,1
jobvandermeer,0,0.2460010622169965,0.6942182441874122,0.0572162896210042,-0.685141844848815,1.1582932151965248,0,0,1
dude,0,-0.444562207530877,-0.1411906238498121,-0.1204867807598296,1.0645322989581771,1.1582932151965248,2,0,1
ojala,0,0.0943609359970182,0.1345005175897697,-0.0420883673565205,0.1896952270546809,1.1582932151965248,0,0,1
guardian_world,1,-0.3215851868908447,-0.1413348683795589,-0.261603924885786,0.8895648845774778,1.1582932151965248,2,0,1
MikeImBack,0,0.1960919394133576,-0.1421830793191092,-0.2772836075664479,2.6392390283844693,1.1582932151965248,2,0,-1
luci,0,0.0961853203691506,-0.0919553491813912,0.4387552348504419,0.0147278126739818,1.1582932151965248,0,0,1
cbcottawa_mirror,1,-0.439341484956536,-0.1299221206973394,-0.2877367293535557,-0.5101744304681157,1.1582932151965248,0,0,1
CuratedManet,1,-0.4120094667732214,-0.120308994193613,-0.3086429729277715,0.0147278126739818,1.1582932151965248,0,0,1
argv_minus_one,0,0.0554696417685708,-0.1423550218844811,-0.2981898511406636,2.6392390283844693,1.1582932151965248,2,0,1
antaranews_topnews,1,-0.444562207530877,-0.1375507474549429,-0.3190960947148794,0.8895648845774778,1.1582932151965248,2,0,1
xaeseyes81,0,1.0772784228895225,-0.1206377386871989,1.1704737599479935,0.0147278126739818,1.1582932151965248,0,0,-1
Libertariobr,0,-0.444562207530877,-0.1409424485325899,-0.3086429729277715,0.0147278126739818,1.1582932151965248,0,0,1
cbctop_mirror,1,-0.4409803525607789,-0.140058158888275,-0.3138695338213255,-0.5101744304681157,1.1582932151965248,0,0,1
columbus,1,-0.4227176051803449,-0.141997451637819,-0.2981898511406636,2.6392390283844693,1.1582932151965248,2,0,1
minnamoira,0,0.2353250351504443,1.4871630199147343,0.0119194285435367,0.306340169975147,1.1582932151965248,0,-1,-1
dazzledbyart,1,-0.2795433439913156,-0.139028766385873,-0.1675258288018151,0.0147278126739818,1.1582932151965248,0,0,1
CuratedPicasso,1,-0.4050338794680095,-0.1202779090651733,-0.3138695338213255,0.0147278126739818,1.1582932151965248,0,0,1
ujh,0,-0.0344207610345991,-0.0850936746594801,-0.0525414891436284,-0.5101744304681157,1.1582932151965248,0,0,1
gstats_steam_updates,0,-0.435182604261722,-0.1333739648774771,-0.2145648768438006,0.1896952270546809,1.1582932151965248,0,0,1
panonerpan,0,0.1817626185195199,0.251235159903444,-0.1936586332695848,-0.685141844848815,1.1582932151965248,0,0,1
SmithsonianRoulette,1,0.1139269920322143,-0.1312680545103895,-0.1832055114824769,0.0147278126739818,1.1582932151965248,0,0,1
one,0,-0.444562207530877,-0.1163269963972197,0.4910208437859813,-0.3352070160874166,1.1582932151965248,0,0,1
pasleplatine,0,-0.3892225482428625,-0.1013158619706311,-0.3138695338213255,2.6392390283844693,1.1582932151965248,2,0,1
hourlyslothbot,1,-0.444562207530877,-0.1389359793829649,-0.2720570466728939,0.0147278126739818,1.1582932151965248,0,0,1
nicoletteolivier,0,0.2932999163093166,-0.100658346571718,-0.0368618064629666,0.5396300558160795,1.1582932151965248,0,0,1
cbcns_mirror,1,-0.4254795663970789,-0.1300891643107093,-0.3086429729277715,-0.685141844848815,1.1582932151965248,0,0,1
games,0,-0.444562207530877,-0.1425565711597776,-0.3190960947148794,2.6392390283844693,1.1582932151965248,2,0,1
coa100,0,-0.1583225905239053,-0.1342168506562014,-0.2563773639922321,-0.5101744304681157,1.1582932151965248,0,0,1
Mickytankbank,0,-0.0888072549650693,0.0781595875968693,-0.1048070980791678,2.6392390283844693,1.1582932151965248,2,0,-1
HamonWry,0,-0.3010207201808709,-0.1412398713103041,0.8464269845476493,2.114336785242372,1.1582932151965248,2,0,-1
kunstudio,0,-0.444562207530877,-0.1376097623607372,-0.2981898511406636,-0.5101744304681157,1.1582932151965248,0,0,1
kato,0,-0.2981382063018891,-0.1048510415842798,0.166974068385637,-0.685141844848815,1.1582932151965248,0,0,1
thestranger.com,0,-0.444562207530877,-0.118236682436839,-0.2563773639922321,-0.8601092592295142,1.1582932151965248,0,0,1
world_beauty,1,0.040711989055568,-0.125325306235187,1.0136769331413753,-0.1602396017067173,1.1582932151965248,0,0,1
surlykilljoy,0,-0.22763074312186,-0.1410871796028197,-0.3138695338213255,0.0147278126739818,1.1582932151965248,0,0,1
wine,0,-0.444562207530877,-0.1398944699920369,-0.3138695338213255,0.7145974701967787,1.1582932151965248,2,0,1
Piotrr_K,0,-0.281798503742599,0.0780947829818003,0.0101772415790188,2.46427161400377,1.1582932151965248,2,0,-1
bomengidsnl,1,-0.2007606702448421,-0.13435721649395,-0.2041117550566927,-0.5101744304681157,1.1582932151965248,0,0,1
dailyrecord.co.uk,0,-0.444562207530877,-0.1413321526561665,-0.3138695338213255,0.3646626414353801,1.1582932151965248,0,0,1
higurashiuminekoa,1,-0.444562207530877,-0.1286104795483027,-0.3034164120342176,-0.1602396017067173,1.1582932151965248,0,0,1
laur_lawr,0,-0.4430969032249278,-0.1357329477565561,0.4387552348504419,1.239499713338876,1.1582932151965248,2,0,1
ChrisMayLA6,0,-0.4355155560825794,-0.1395117659916257,0.8150676191863255,-0.1602396017067173,1.1582932151965248,0,0,1
nyt_homepage,1,-0.0756311456107801,-0.1415775262520889,-0.1988851941631388,0.3646626414353801,1.1582932151965248,0,0,1
Zita,0,0.1926823539674721,-0.1337219502180485,-0.1361664634404915,0.7145974701967787,1.1582932151965248,2,0,1
bbc_news,1,-0.3655055514051419,-0.139974823454764,-0.2459242422051242,0.3646626414353801,1.1582932151965248,0,0,1
hashamatic,1,-0.4167183538010583,-0.1333191711643251,-0.3190960947148794,0.8895648845774778,1.1582932151965248,2,0,1
CuratedAllaertVanEverdingen,1,-0.3753876334208588,-0.1203094436192097,-0.2825101684600018,0.0147278126739818,1.1582932151965248,0,0,1
personfromMauke,0,0.4777654472693651,2.859657853780024,-0.2250179986309085,-0.1602396017067173,1.1582932151965248,0,1,-1
nesbot,1,-0.4433016230368448,-0.1409862011261686,-0.3190960947148794,0.0147278126739818,1.1582932151965248,0,0,1
sjaakkeuvelaar,0,0.3225344089391457,-0.1406703148906023,-0.1675258288018151,0.7145974701967787,1.1582932151965248,2,0,1
cbcsports_mirror,1,-0.4254795663970789,-0.1366228220464047,-0.3138695338213255,-0.1602396017067173,1.1582932151965248,0,0,1
mithrietv,0,-0.2936358640181101,-0.0548584078931759,-0.2929632902471097,2.114336785242372,1.1582932151965248,2,0,1
killbait,1,-0.444562207530877,-0.1420260998571345,-0.2406976813115703,2.6392390283844693,1.1582932151965248,2,0,1
iseriksonartist,0,-0.2463305921708249,0.0305195158562541,1.0711691029704686,0.5396300558160795,1.1582932151965248,0,0,-1
bedardbrandon928,0,1.2156275711095588,-0.1401650750012514,0.0258569242596806,1.0645322989581771,1.1582932151965248,2,0,1
theguardian_us_opinion,1,-0.444562207530877,-0.1293618829363368,-0.2877367293535557,0.0147278126739818,1.1582932151965248,0,0,1
doom-disco.bsky.social,0,-0.3040170410851258,-0.1299731866807642,-0.26683048577934,0.3646626414353801,1.1582932151965248,0,0,1
IzaskunGraciaQuintana,0,-0.1908950705834716,-0.1250827016121352,0.0990287767694357,0.3646626414353801,1.1582932151965248,0,0,1
nisemikol,0,0.321338677015244,-0.1409774101165495,-0.2877367293535557,0.0147278126739818,1.1582932151965248,0,0,1
Bearavikas,0,4.53600712839043,2.5674748131127187,-0.2285023725599444,-0.1602396017067173,1.1582932151965248,1,-1,-1
travelitems,0,-0.444562207530877,-0.1226697547532749,-0.2145648768438006,-0.3352070160874166,1.1582932151965248,0,0,1
analytics,1,0.6570590474548327,-0.1418904734359508,-0.2981898511406636,2.6392390283844693,1.1582932151965248,2,0,-1
SocraticEthics,0,-0.4444687031052078,-0.1426322386684159,-0.3086429729277715,2.6392390283844693,1.1582932151965248,2,0,1
heiseonline,0,-0.4439592504908597,-0.1398209324625297,0.5903255007635061,1.239499713338876,1.1582932151965248,2,0,1
CuratedCourbet,1,-0.4182099888222987,-0.1202779150823644,-0.3086429729277715,0.0147278126739818,1.1582932151965248,0,0,1
nyt_world,1,-0.1678639110908043,-0.1314599123806387,-0.2093383159502466,-0.1602396017067173,1.1582932151965248,0,0,1
Econopass,0,-0.385740578232682,-0.1415084084292791,-0.2929632902471097,0.5396300558160795,1.1582932151965248,0,0,1
news_society,1,-0.444562207530877,-0.1426708445401703,-0.3190960947148794,2.6392390283844693,1.1582932151965248,2,0,1
sailingnews,1,-0.4004938724163784,-0.1383745168839619,-0.3190960947148794,-0.3352070160874166,1.1582932151965248,0,0,1
kokurya,0,-0.2755247027965781,-0.1398956247069734,0.161747507492083,-0.5101744304681157,1.1582932151965248,0,0,1
media,0,-0.444562207530877,-0.1426323984168508,-0.2825101684600018,2.6392390283844693,1.1582932151965248,2,0,1
MusiqueNow,0,1.6153028881896638,-0.1416768897785627,-0.3190960947148794,0.3646626414353801,1.1582932151965248,0,0,1
BreakingImpossible,0,0.5465383107283378,-0.1295075632850159,0.9979972504607136,-0.5101744304681157,1.1582932151965248,0,0,1
psychosoundtrack,0,-0.0756311456107801,0.5333783876406772,-0.1727523896953691,2.114336785242372,1.1582932151965248,2,0,-1
smeyer60.wordpress.com,0,-0.444562207530877,-0.0553555450224145,0.0990287767694357,2.6392390283844693,1.1582932151965248,2,0,-1
TheCentralScrutinizer,0,-0.3716038909379826,-0.1380171063857347,-0.2145648768438006,0.8895648845774778,1.1582932151965248,2,0,1
BM24,0,0.8534043466789182,-0.1128247404034979,-0.26683048577934,0.5396300558160795,1.1582932151965248,0,0,1
shrampybot,1,-0.4414532379079548,-0.1405549232711657,-0.2877367293535557,0.5396300558160795,1.1582932151965248,0,0,1
pixelaffe,0,-0.1083867071831252,-0.1307521802742299,-0.2563773639922321,-0.1602396017067173,1.1582932151965248,0,0,1
antiradio,1,0.0787117092204889,-0.1353153236002794,-0.3034164120342176,0.0147278126739818,1.1582932151965248,0,0,1
sagalinked,1,-0.444562207530877,-0.1413839321293508,-0.3138695338213255,0.0147278126739818,-0.5478365471701808,0,0,1
comingsoon.net,0,-0.444562207530877,-0.1417793417747768,-0.3190960947148794,1.5894345421002745,-1.1266174276232797,2,0,1
npr_national,1,-0.2600966765708286,-0.1311272628898125,-0.1622992679082612,-0.8601092592295142,-0.8645939978326505,0,0,1
fkftsh,0,-0.186668649683819,-0.1409465199344499,0.0258569242596806,0.8895648845774778,-0.4412211315479792,2,0,1
novinky,1,-0.444562207530877,0.2828813070609763,-0.0264086846758587,-0.8601092592295142,-0.8361629455589678,0,0,1
princejvstin.com,0,-0.4050338794680095,-0.1369531104553639,-0.2720570466728939,-0.5101744304681157,-0.5893022233337548,0,0,1
wired.jp,0,-0.444562207530877,-0.101363094257867,-0.1727523896953691,-0.8601092592295142,-0.613545743306951,0,0,1
hyde,0,-0.2121513154785214,-0.1083349951998214,-0.1518461461211533,-0.8601092592295142,-0.1784771138268505,0,0,1
olafk,0,0.1469996676168644,-0.1105961277961004,-0.1936586332695848,-0.685141844848815,-0.3753543328396983,0,0,1
cthonyxa,0,0.0857761939792622,0.4056942530362326,-0.1727523896953691,1.239499713338876,-0.968906043451525,2,0,-1
calmplaythroughs,0,3.871931216934256,-0.0555018745887328,-0.2302445595244624,-0.685141844848815,-0.7886611594768292,1,2,-1
QueerMatters,0,-0.1285488653735998,-0.1174990706636798,-0.1936586332695848,-0.685141844848815,-0.3119039004116377,0,0,1
b1u3sky.bsky.social,0,-0.418822831117847,-0.1385940358346984,-0.26683048577934,-0.1602396017067173,0.3893345745133753,0,0,1
admin,0,-0.4002904801004654,-0.1212049330132937,0.0049506806854648,-0.3352070160874166,-1.048748790255431,0,0,1
cookingwithnonperishablesdotcom.wordpress.com,0,-0.444562207530877,0.1776633731964533,-0.1100336589727218,-0.8601092592295142,-0.8542092241969419,0,0,1
vrtnws,1,-0.444562207530877,-0.1418561275224591,-0.3190960947148794,-0.1602396017067173,-0.7943034703938946,0,0,1
jonlord,0,-0.364873098156136,-0.1340171653256426,0.5223802091473051,-0.8601092592295142,0.217721487322286,0,0,1
LidoHZ,0,-0.2166930222272877,0.0214702292277381,0.3080912125115934,-0.5101744304681157,-0.9742293813661148,0,0,1
peterbeers,0,0.6622309782294136,0.0827464802967313,-0.0473149282500745,-0.8601092592295142,-0.1882703030504649,0,0,1
leaschoenberger,0,-0.0609971368916113,-0.0979346737244833,0.1199350203436515,-0.5101744304681157,-0.3128464477470439,0,0,1
kvfbot,1,-0.4376447501198752,-0.1388880548525113,-0.3190960947148794,-0.5101744304681157,-0.7510917735677616,0,0,1
esoastronomy,0,-0.4386279121519069,0.041451626931569,7.050354765196175,-0.8601092592295142,-0.7543084095067437,0,3,-1
cheryanne,0,-0.0447819612522737,-0.1369506790841855,-0.177978950588923,-0.3352070160874166,-0.5511808466242561,0,0,1
sjar,0,0.0365929581998896,-0.1362728664751369,-0.2511508030986782,-0.5101744304681157,-0.4916113119909576,0,0,1
Geobomatic,0,0.6208351701005836,-0.1378790262285917,-0.089127415398506,-0.8601092592295142,-0.6540588654986284,0,0,1
villebooks,0,-0.1591718180089173,-0.1391396754109784,-0.1257133416533836,-0.8601092592295142,0.0383003563399695,0,0,1
ryansmoviereviews,0,0.1122294564712323,-0.0446236984189841,-0.2511508030986782,-0.5101744304681157,-1.6521418087766402,0,0,1
pomarede,0,-0.4244700075819091,-0.1107396522864018,0.0363100460467885,-0.8601092592295142,-0.6444830797243085,0,0,1
scientific_american,1,-0.3215851868908447,-0.1241751707537789,-0.1309399025469375,-0.8601092592295142,-1.025621985798751,0,0,1
theguardian_science,1,-0.444562207530877,-0.1208033605394987,-0.2354711204180163,0.0147278126739818,-0.8829803100427427,0,0,1
cbcnf_mirror,1,-0.418822831117847,-0.1292355751738525,-0.3190960947148794,-0.8601092592295142,-0.7989304767578528,0,0,1
wrstscrnnm6,0,1.459864056235433,-0.0030169998146633,-0.2197914377373545,0.0147278126739818,-0.1309697278059124,0,0,1
cpponsea,0,-0.444562207530877,-0.0946089836820851,-0.3034164120342176,-0.8601092592295142,-1.470456282576483,0,0,1
Kingu,0,-0.2968427982760175,-0.1243503082878477,-0.1622992679082612,-0.8601092592295142,-1.0603134325535024,0,0,1
DanielTaylor,0,0.1162130065876702,-0.0852395074614156,-0.2197914377373545,-0.8601092592295142,-0.028365885258635,0,0,1
EarthOrgUK,0,-0.1785434944621756,-0.1381891022005848,-0.2981898511406636,-0.5101744304681157,-1.0169247758178432,0,0,1
kingcloggy.eurosky.social,0,-0.1371196559307963,-0.1303610543363338,-0.3086429729277715,-0.5101744304681157,-0.2360597746465421,0,0,1
CuratedIvanAivazovsky,1,-0.3942534263599547,-0.1203090968586071,-0.3138695338213255,-0.1602396017067173,-2.199699558431906,0,0,1
identity,0,3.3212341196291355,0.00028052162647,-0.3086429729277715,1.5894345421002745,0.1240576240984894,1,4,-1
zofe,0,-0.444562207530877,-0.1263944492601284,0.1199350203436515,-0.1602396017067173,-0.6674189031934634,0,0,1
chiefxpressdog.net,0,-0.444562207530877,-0.0482722994213729,-0.0420883673565205,-0.8601092592295142,-0.8117671433655324,0,0,1
nyt_business,1,-0.0756311456107801,-0.1299579043467447,-0.1466195852275993,-0.5101744304681157,-0.7660962362112715,0,0,1
joerghaefner,0,0.8282499560934571,-0.1282405997794947,0.8150676191863255,-0.5101744304681157,-0.4882642007865033,0,0,1
railpage,0,-0.4262030788571281,-0.1380323671004659,-0.1884320723760309,-0.685141844848815,-0.4438503475902619,0,0,1
Wesearchpress,0,-0.444562207530877,-0.1411040054262166,-0.26683048577934,0.7145974701967787,-0.4245273058754263,2,0,1
WhisprNews,0,-0.3726925201438452,-0.1411255385567432,-0.2825101684600018,1.239499713338876,-0.7717576853034102,2,0,1
Bella,0,-0.4032741682434465,-0.0789035293081805,0.0101772415790188,-0.8601092592295142,-0.1368747489189007,0,0,1
Clara_Pirx,0,-0.2461492827665322,-0.1421141744942126,-0.2929632902471097,-0.8601092592295142,-0.707258325708159,0,0,1
ymbot,0,-0.444562207530877,-0.1347014647861356,-0.2145648768438006,-0.3352070160874166,-1.194855142646568,0,0,1
tugatech,1,-0.3997756925722047,-0.1423874508167547,-0.3190960947148794,-0.8601092592295142,-1.3498663050547364,0,0,1
xbohiti,0,-0.2232035703788188,0.7544466785410168,-0.2825101684600018,-0.1602396017067173,-0.3367234122342518,0,0,1
awemans,0,0.0988090847536134,-0.1015105420632293,-0.177978950588923,-0.8601092592295142,-1.1515298495192277,0,0,1
pascal_le_merrer,0,0.027243862040016,-0.122311107589164,-0.3086429729277715,-0.3352070160874166,0.7761603248831898,0,0,1
wisdom,1,-0.444562207530877,-0.1282010975592724,-0.2354711204180163,-0.1602396017067173,-0.4675712525769698,0,0,1
boycott,0,0.3966006136469437,0.3077622407537588,-0.089127415398506,-0.8601092592295142,-1.0720711474210245,0,0,1
bitsofpluto,1,-0.444562207530877,-0.1318431488758326,-0.2406976813115703,-0.3352070160874166,-2.2173732046088976,0,0,1
Darlings,0,0.0780901301892601,-0.0829016066365326,0.1460678248114212,-0.1602396017067173,-0.1511827485224758,0,0,1
sentinel0079,0,-0.0257755967026589,-0.1315757299959016,-0.1466195852275993,0.5396300558160795,-0.2787228758299064,0,0,1
TauC,0,1.1653187899386366,-0.0976555993324985,-0.1570727070147072,-0.685141844848815,-0.0520420871966839,0,0,1
MisterB,0,-0.1410866565966038,-0.0974079179041874,0.0519897287274503,-0.685141844848815,-0.4318135942378352,0,0,1
metwo,0,3.42921394263014,-0.110072344272933,-0.2145648768438006,-0.8601092592295142,-0.1672302480778558,1,2,-1
BBC,1,-0.4444996155470646,-0.1421946344558964,-0.3138695338213255,-0.8601092592295142,-0.2063807301154955,0,0,1
scholacampesina,0,1.4527975394867638,20.78714183278555,-0.1100336589727218,-0.8601092592295142,0.1483705765112825,1,-1,-1
moodywarlock,0,1.286824793585367,-0.1287087780852109,-0.2093383159502466,-0.5101744304681157,-1.7071766245289743,0,0,1
b59r,0,0.3016306177075123,-0.1406000258455177,-0.1361664634404915,-0.1602396017067173,0.1368505464122111,0,0,1
booksfromeurope,0,1.1193846853912728,0.3497071641757809,0.0258569242596806,-0.8601092592295142,-0.3024877443303435,0,0,1
hollywoodreporter,1,-0.4431432419081074,-0.1395113318486293,-0.3138695338213255,0.3646626414353801,-0.6975660543187738,0,0,1
loudersound.com,0,-0.444562207530877,-0.1339653535832745,-0.3190960947148794,-0.3352070160874166,-1.119914497350987,0,0,1
vijesti,0,0.016601619869244,-0.142139201749005,-0.3190960947148794,-0.8601092592295142,-0.5647866398723738,0,0,1
A7Production,0,-0.281798503742599,-0.1357025320805573,-0.0107290019951969,-0.5101744304681157,-1.308803516448853,0,0,1
linuxeasy,0,-0.4139230250132477,-0.1279312292033404,-0.1832055114824769,-0.5101744304681157,-0.7983559403789748,0,0,1
Bebef,0,0.5937152095871099,-0.1063140475170516,-0.2250179986309085,-0.3352070160874166,-0.0320654733309395,0,0,1
rosecoveredglasses.wordpress.com,0,-0.444562207530877,-0.0507558550884348,-0.2354711204180163,-0.8601092592295142,-1.6276299726894898,0,0,1
brettezeleliquide,0,-0.3323203573984805,-0.1332935581652716,0.0572162896210042,0.1896952270546809,-0.459592802995754,0,0,1
hess_photo,0,-0.1915221297455318,-0.0793882632494409,0.2715052862567158,-0.8601092592295142,-0.049114295904891,0,0,1
zenrenji,0,0.410687072374802,-0.1399402645433592,-0.2825101684600018,-0.8601092592295142,0.3091683150728991,0,0,1
cmconseils,0,-0.401279792445279,-0.1384200969463857,6.083440999888697,-0.8601092592295142,0.3762734728517574,0,-1,-1
Pulrepo,0,-0.444562207530877,-0.1335684015134605,-0.2041117550566927,0.8895648845774778,-1.3686837023733545,2,0,1
ScienceScholar,1,-0.444562207530877,-0.1393833852802013,-0.2041117550566927,-0.5101744304681157,-0.6694472124240497,0,0,1
Joshuakevins12,0,0.5976680423933965,-0.1401007209300183,-0.2197914377373545,-0.3352070160874166,-0.2493423210240561,0,0,1
Mr.Android123,0,-0.0942104077218642,-0.1377028279649156,-0.2406976813115703,-0.8601092592295142,0.0978744445770201,0,0,1
gestorumrss,1,-0.444562207530877,-0.1395177299331933,-0.3190960947148794,0.1896952270546809,-1.070612481010077,0,0,1
MovieInfos,1,-0.3830736972108609,-0.0002923498927516,-0.3190960947148794,1.239499713338876,-1.1945952529464978,2,0,1
Arint,0,-0.1841402814696321,-0.1370205423996912,-0.2093383159502466,0.1896952270546809,-0.6466749050068871,0,0,1
upworthy.com,0,-0.444562207530877,-0.134050872245395,-0.2406976813115703,-0.8601092592295142,-1.2476989534359644,0,0,1
spaziogames,1,-0.444562207530877,-0.1333772282185041,-0.3138695338213255,-0.8601092592295142,-0.7706736824954621,0,0,1
infobot,1,-0.444562207530877,-0.1402204100485996,-0.3190960947148794,-0.685141844848815,-0.9242308273371174,0,0,1
gsgermanok,0,-0.2396005064641565,-0.0412980555023741,-0.1884320723760309,2.6392390283844693,-0.9387242493659128,2,0,-1
krishna-author.bsky.social,0,2.2560131657242315,-0.1085471824428911,-0.2041117550566927,-0.8601092592295142,-1.3693906539914678,0,0,1
Travelfamily84,0,-0.1633278734442458,-0.0413041791923766,0.2401459208953921,-0.5101744304681157,-1.856622897349125,0,0,1
movieposters,1,-0.4272685640033725,-0.0938867077586712,-0.3138695338213255,-0.8601092592295142,-1.890351759526216,0,0,1
roughlydaily,0,-0.444562207530877,-0.0093479957869619,-0.2459242422051242,-0.8601092592295142,-1.503968626234209,0,0,1
osnafm,0,-0.444562207530877,-0.1413897574625264,-0.2720570466728939,0.3646626414353801,-0.584592668185486,0,0,1
3iatlas,0,-0.3200479741328443,-0.1389361555322391,-0.3138695338213255,-0.5101744304681157,-1.1305555663932207,0,0,1
Loviz,0,-0.4027086836996055,-0.0569505266453885,-0.1936586332695848,-0.8601092592295142,-1.4482179981741403,0,0,1
radiondadurto,0,-0.4385382968681758,-0.1257089154767289,-0.2459242422051242,-0.8601092592295142,-1.0549661455001471,0,0,1
Zf,0,-0.0718665429381261,-0.1391312984693025,0.0990287767694357,-0.1602396017067173,-0.1849038942548475,0,0,1
pottersfeld,0,1.9165965887577427,-0.1373648111929259,0.1251615812372055,1.4144671277195755,-0.106767774314463,2,0,-1
starstuft,0,0.2434443674011954,-0.127492153388239,0.1774271901727449,1.4144671277195755,-0.2130398660951419,2,0,1
autonomysolidarity,0,-0.3713373501909965,-0.1199208569359349,0.7209895231023546,-0.685141844848815,-0.2498509517507844,0,0,1
Christine_Broesenhuber,0,-0.0581554637303545,-0.0830549881377587,-0.0995805371856139,-0.8601092592295142,-0.1468375794120961,0,0,1
ITA,0,-0.2028152748516556,0.0635648108409658,-0.089127415398506,-0.5101744304681157,-1.4780256728714098,0,0,1
gamewire,1,-0.444562207530877,-0.139415064939066,-0.3138695338213255,0.0147278126739818,-1.244237332799282,0,0,1
ekimellnea,0,0.7412876343551486,-0.125129439105219,-0.26683048577934,-0.3352070160874166,0.0411853908017638,0,0,1
675345456754334566664w,0,-0.0429467190086356,-0.0891893103037428,7.442346832212721,-0.685141844848815,-0.8356566098999793,0,3,-1
dedication_bot,1,-0.4425857911277336,-0.1297346825337876,-0.1727523896953691,-0.3352070160874166,-0.419189253493647,0,0,1
randomwizard,0,-0.3653623328252041,-0.1229032004660622,0.166974068385637,0.0147278126739818,-0.8275819370545472,0,0,1
emarktaylor.bsky.social,0,-0.094077698706785,-0.1409300154716543,-0.3086429729277715,0.3646626414353801,-0.5160522120974297,0,0,1
Eeva-Riitta,0,-0.127247647393179,-0.134575858851775,-0.2406976813115703,-0.8601092592295142,-0.0618163685957985,0,0,1
Bobe_bot,1,-0.4310647296557515,-0.1398938842477758,-0.3138695338213255,-0.1602396017067173,-0.1557598131239411,0,0,1
CuratedJanSteen,0,-0.4050338794680095,-0.1203092346150074,-0.3086429729277715,0.0147278126739818,-2.199699558431906,0,0,1
liliumf,0,-0.444562207530877,-0.1424992541135983,-0.3086429729277715,2.6392390283844693,-0.0474964602156641,2,0,1
hubude,0,-0.4420806084596655,-0.1416388745500215,-0.2981898511406636,-0.3352070160874166,-0.7516829566685769,0,0,1
lymphomation,0,0.1818989721842996,-0.1244966400906441,-0.2197914377373545,-0.8601092592295142,-0.6062069541757462,0,0,1
bookcorners,1,0.0325038208140757,-0.0599563104361069,0.1826537510662988,-0.685141844848815,-1.115397482167818,0,0,1
gamingonlinux.com,0,-0.4276903601869701,-0.1293222653244952,-0.1675258288018151,-0.8601092592295142,-0.2425672191088111,0,0,1
Dash_Italia,0,2.366692484300261,-0.1338796767702035,-0.3138695338213255,-0.3352070160874166,-0.5561319093457615,0,0,1
kushnow3.wordpress.com,0,-0.444562207530877,0.0256929298953158,-0.2145648768438006,-0.8601092592295142,-0.3300138312869901,0,0,1
ACCUConf,0,-0.3826917809976931,-0.098708186402399,-0.2459242422051242,-0.8601092592295142,-1.3718287638254507,0,0,1
OptaAnalyst,1,-0.444562207530877,-0.1153092391188202,-0.3190960947148794,-0.8601092592295142,-1.0741673545287478,0,0,1
imaji,0,-0.2370384852008225,-0.1313830419130365,0.4387552348504419,-0.1602396017067173,-0.0579577045104338,0,0,1
basepair,0,0.1987022081246764,-0.1297762237830321,0.0049506806854648,-0.685141844848815,-0.1773487477975076,0,0,1
hackernews,1,-0.4138179523708689,-0.1221521165748978,-0.2929632902471097,-0.1602396017067173,-0.3709158866424767,0,0,1
Kalmdaan,0,-0.3711341806438674,1.0348319399833883,0.511927087360197,-0.8601092592295142,-0.7749872645723677,0,0,-1
robotwig,0,-0.3901716453018917,-0.111019567647397,1.0711691029704686,-0.8601092592295142,-0.9805255457138544,0,0,1
saarlandnews,1,-0.444562207530877,-0.1416193270925401,-0.3190960947148794,0.1896952270546809,-0.6564719861191023,0,0,1
inautilo,0,-0.4077372956201834,-0.1214858885495977,-0.0473149282500745,0.1896952270546809,-0.472162875779474,0,0,1
NottinghamForestNews,1,-0.4247980434994433,-0.1147182231593707,-0.3190960947148794,-0.8601092592295142,-1.4033774778336088,0,0,1
colhab,1,-0.444562207530877,-0.0553555450224145,-0.1100336589727218,-0.8601092592295142,0.5523396319853795,0,0,1
rekkerd,0,-0.0519083057090444,-0.1303228666859819,-0.2981898511406636,-0.1602396017067173,-1.1240229637747108,0,0,1
nyt_arts,1,-0.3338828889548479,-0.1335611367936375,-0.2563773639922321,-0.3352070160874166,-0.8432231576606162,0,0,1
bd,0,-0.3628959142126419,-0.0845839174038887,-0.2406976813115703,-0.8601092592295142,-0.4543251917363622,0,0,1
telepolis,0,-0.444562207530877,-0.1335204541922302,-0.2093383159502466,-0.685141844848815,-0.8752594184783568,0,0,1
privacysafe,1,-0.385380958386096,-0.136635548671714,-0.2981898511406636,0.3646626414353801,-0.7707316809972294,0,0,1
Radio_Regentrude,0,-0.2873020246620587,-0.1119402511268889,-0.0995805371856139,-0.8601092592295142,-1.7515949000246602,0,0,1
humanspectrumrecords,0,-0.4249729476059161,0.7682911988493987,-0.1518461461211533,-0.8601092592295142,-0.3511317015411481,0,0,1
soonleenz,0,0.2771957826540743,-0.1216410813318276,-0.177978950588923,0.3646626414353801,-0.1312496980432636,0,0,1
a7production.bsky.social,0,-0.2864488952794069,-0.0976571626306819,-0.0839008545049521,-0.8601092592295142,-0.7550929806031508,0,0,1
adgaps,0,0.1088343853492682,0.0324307009219364,-0.1309399025469375,1.0645322989581771,-0.756085457501134,2,0,1
CuratedAnthonyVanDyck,1,-0.4050338794680095,-0.1203089806682455,-0.3086429729277715,0.0147278126739818,-2.199699558431906,0,0,1
OccasionalDucks,0,-0.1351361555978926,-0.069428956136461,-0.0264086846758587,-0.8601092592295142,-0.6375772834332811,0,0,1
lazysupper,0,0.214126657445933,-0.13466712845755,-0.1466195852275993,0.3646626414353801,-0.1916144177480981,0,0,1
tksst,0,-0.4402833678952058,-0.1240796411897414,0.5328333309344129,-0.8601092592295142,-0.4011461533615699,0,0,1
erik,0,-0.444562207530877,-0.0506871326430014,0.161747507492083,-0.8601092592295142,-1.313706969036307,0,0,1
lobsters,1,-0.4416656014440927,-0.1387600067905778,-0.2459242422051242,-0.1602396017067173,-0.4499655853375168,0,0,1
gutenberg_org,0,-0.4440961539611055,-0.1236914527060652,2.0537625509586093,-0.8601092592295142,-0.5975199997725894,0,5,1
greens-efa.eu,0,-0.4138179523708689,0.1367756471841614,-0.2041117550566927,-0.8601092592295142,-0.8281037696534016,0,0,1
UnderpantsWeevil,0,-0.444562207530877,-0.1393447577891589,-0.1466195852275993,-0.8601092592295142,-0.4336840740286853,0,0,1
AverageS,0,-0.4225760368923589,-0.1301614238527376,0.4544349175311038,-0.8601092592295142,-0.6940019676552411,0,0,1
kineticdiplomacy,0,12.323087756775331,-0.1101416434989654,-0.2250179986309085,-0.685141844848815,0.0722604646103657,1,-1,-1
mattyjshepherd,0,1.9073733122097405,-0.100293354078062,-0.1657836418372971,-0.3935294875476496,-0.2944919398053853,0,0,1
sudoaptgetlife,0,0.7496093876315417,1.9179383891445223,-0.0786742936113981,-0.8601092592295142,-0.5898907012252941,0,-1,-1
Garwboy,0,-0.4191665121874013,-0.1108920351469122,0.956184763312282,-0.8601092592295142,-0.9658947802940464,0,0,1
HarvardArtRoulette,1,0.1126988866961966,-0.128967517300182,-0.2093383159502466,-0.3352070160874166,-0.6955479587203458,0,0,1
VayeurFrancis,0,0.4051412224819444,-0.0885867207299373,0.0310834851532345,-0.8601092592295142,-0.2929574058410082,0,0,1
AnnetteFalkLund,0,0.1926823539674721,-0.1202191605132694,-0.0839008545049521,-0.5101744304681157,-0.2564380821066145,0,0,1
CindyCinnamon,0,-0.1374017133175853,-0.0922231408076703,-0.005502441101643,-0.8601092592295142,-0.3935391320515303,0,0,1
davep,0,0.0066946208539917,-0.1202305026521434,-0.0211821237823048,-0.8601092592295142,-0.8267634952881425,0,0,1
lithroberto.wordpress.com,0,-0.444562207530877,-0.1339514554694429,-0.2093383159502466,-0.5101744304681157,-0.8510756862539884,0,0,1
juanbauty,0,-0.2409122613509835,0.0184338012675096,-0.1570727070147072,-0.8601092592295142,-0.68045822304619,0,0,1
h4ckernews,1,-0.4439172231568908,-0.1405812601968765,-0.2877367293535557,0.0147278126739818,-0.1637511838697865,0,0,1
autisticphotographer,0,0.4637907858329977,-0.1220006750586644,-0.1832055114824769,0.7145974701967787,-0.4011461533615699,2,0,1
cbckw_mirror,1,-0.4224263438156712,-0.1261845398167417,-0.3138695338213255,-0.8601092592295142,-0.8216583209305215,0,0,1
in.mashable.com,0,-0.444562207530877,-0.1328732067837153,-0.261603924885786,0.0147278126739818,-1.2324351448086988,0,0,1
theDuesentrieb,0,0.629926100980065,-0.0709415075670548,-0.1570727070147072,-0.8601092592295142,-0.0264505147369906,0,0,1
janamarie,0,-0.3575968556409346,-0.1335177384688379,7.562557732764461,-0.8601092592295142,-0.0302401958326141,0,3,-1
zusterkiekfijn,0,0.3394162990493288,-0.0594989895392639,0.3603568214471327,-0.8601092592295142,-0.4551197807518503,0,0,1
ClubTeleMatique,1,-0.3421912560329412,-0.1417282222756263,-0.2825101684600018,-0.685141844848815,-1.2916398065795718,0,0,1
nubecolectiva,0,-0.3313674498963018,-0.0599409540320632,-0.261603924885786,1.239499713338876,-0.4943074662884174,2,0,1
lobsters,1,-0.3863099345961249,-0.1387829403823831,-0.2720570466728939,0.1896952270546809,-0.1560286413459594,0,0,1
gulfchannels,0,-0.444562207530877,-0.1425591271347351,-0.3138695338213255,-0.8601092592295142,-0.280782300487281,0,0,1
gamingonlinux,0,-0.4429425223410979,-0.1298817328317944,1.8708329196842213,-0.8601092592295142,-0.982867204603296,0,5,1
b_age,0,0.0977979860610602,-0.1420279635888744,-0.1727523896953691,-0.8601092592295142,0.6269286896137665,0,0,1
OmroepWest,1,-0.4302502266805284,-0.1374022953111708,-0.3190960947148794,0.0147278126739818,-0.1900055653162471,0,0,1
NathanMurdock,0,1.4923258675496314,-0.1282008191177505,-0.3190960947148794,-0.3352070160874166,-0.8693809198381867,0,0,1
TLCPhotography,0,0.0510886539182965,0.4138430206976926,0.1512943857049752,-0.8601092592295142,-1.5111804503400337,0,0,1
norwayskandinavien.bsky.social,0,-0.029514762870768,-0.1304828947870872,-0.2145648768438006,-0.685141844848815,-1.1376789467691697,0,0,1
news.err.ee,1,-0.444562207530877,-0.1342947597548775,-0.3138695338213255,-0.3352070160874166,-0.4405340549385526,0,0,1
vibewire,1,-0.4247980434994433,-0.139858207097327,-0.3138695338213255,-0.685141844848815,-0.1983783190164183,0,0,1
fast_company,1,-0.1678639110908043,-0.1336163032531374,-0.2250179986309085,-0.1602396017067173,-0.7835867597260866,0,0,1
mobiflip.de,0,-0.444562207530877,-0.1370172941815161,-0.2772836075664479,-0.3352070160874166,-1.1712616713707675,0,0,1
ben,0,0.7162208897299156,-0.1160688429265097,-0.1832055114824769,-0.8601092592295142,0.7472781878246239,0,0,1
aurianneor,0,0.7773374695484838,-0.133276519397211,-0.2511508030986782,-0.8601092592295142,0.4073921859150105,0,0,1
JBinnacle,0,-0.4332683995129148,-0.1382867617437536,-0.0525414891436284,-0.8601092592295142,-1.8009095934126051,0,0,1
bobfisherphoto,0,-0.4415595130497042,-0.1393148803588866,0.7628020102507862,-0.8601092592295142,-1.146964981802398,0,0,1
vivizine,0,-0.444562207530877,-0.1424600298556527,-0.3190960947148794,-0.8601092592295142,0.0744174313443996,0,0,1
torrestroy8,0,3.77508681318023,0.6937212135571299,-0.2981898511406636,0.0147278126739818,-0.3669666603520773,1,2,-1
Akshay,0,-0.0975299865767077,-0.1148733921390838,-0.1622992679082612,-0.8601092592295142,-0.2613150222006555,0,0,1
neustradamus,0,0.4173949098642583,-0.121346877431826,-0.2981898511406636,-0.8601092592295142,-0.8783374799914431,0,0,1
engadget,1,-0.2232035703788188,-0.1342869804320964,-0.2406976813115703,-0.5101744304681157,-0.8317998404123652,0,0,1
noticias_economia,0,0.4343617929258242,-0.1393195691351978,-0.2929632902471097,-0.1602396017067173,-0.8868222950120015,0,0,1
willemjakobspieterdrift,0,1.1062352213541813,-0.0239356903622539,-0.3086429729277715,-0.8601092592295142,-1.091079934602424,0,0,1
CuratedHenriMatisse,1,-0.4182099888222987,-0.1202771934454347,-0.2825101684600018,0.0147278126739818,-2.199699558431906,0,0,1
rstv,1,-0.444562207530877,-0.0728388397277127,-0.1884320723760309,1.0645322989581771,-2.2336873395415053,2,0,1
takenji1989pics,0,-0.444562207530877,-0.1209163559324127,-0.2406976813115703,0.0147278126739818,-0.9863739613373044,0,0,1
wsj_markets,1,0.1088343853492682,-0.1310315735773401,-0.0995805371856139,-0.3352070160874166,-1.0044029617248331,0,0,1
OnceUponAGoblin,0,-0.3577278729070933,-0.1150563040969817,-0.2145648768438006,-0.685141844848815,-0.0032202455226079,0,0,1
Mathrubhumi_English,0,-0.444562207530877,-0.142453339218455,-0.2720570466728939,-0.8601092592295142,-0.6109903651711609,0,0,1
jemmesedi,0,0.535067505822912,-0.142024289374873,-0.2250179986309085,1.5894345421002745,-0.2787547013141718,2,0,1
sevenstorypublishing.com,0,-0.444562207530877,3.981788115155931,0.07812253319522,-0.1602396017067173,-0.3824861951053193,0,-1,-1
RogerBW,0,-0.0717720340844193,-0.137538872821286,-0.089127415398506,-0.8601092592295142,0.0447513462415538,0,0,1
DM_Ronin,0,-0.3301025706733138,-0.1196486456029585,-0.2041117550566927,-0.8601092592295142,-0.0057882878072583,0,0,1
reillypascal,0,0.2456959083196267,-0.1371350287779971,-0.0995805371856139,-0.1602396017067173,-0.9542005445855352,0,0,1
hiisikoloart,0,-0.0425665693066205,-0.1386789974007771,-0.1570727070147072,-0.8601092592295142,-0.5279169047511566,0,0,1
cbctor_mirror,1,-0.4362404542544838,-0.1315043224455257,-0.3086429729277715,-0.8601092592295142,-0.995819233791073,0,0,1
michael_weyl,0,-0.0435501837046847,-0.0960778172910096,-0.2302445595244624,-0.685141844848815,-0.882666992787041,0,0,1
13character5,0,1.1963789939659015,-0.0624383024322391,-0.2825101684600018,-0.1602396017067173,-0.1007792037448394,0,0,1
npr_news_now,1,-0.0756311456107801,-0.1391288489933015,-0.1936586332695848,0.0147278126739818,-1.7578584040071124,0,0,1
developerjustin,0,-0.0954428768239983,-0.1251085782493557,-0.1832055114824769,-0.8601092592295142,0.0278167480195757,0,0,1
whereistayed,0,0.1365042149932755,0.4041126902817857,-0.2041117550566927,-0.8601092592295142,-1.4294369104066271,0,0,1
officialaptivi.wordpress.com,0,-0.444562207530877,-0.111245771431138,-0.1257133416533836,-0.8601092592295142,-1.5837488218711118,0,0,1
JonSparks,0,0.182449001890534,-0.1147195543963278,0.0415366069403424,-0.1602396017067173,-0.8272189180763968,0,0,1
dailybookquote,1,-0.4386750097342797,-0.0990629297940075,-0.1988851941631388,-0.8601092592295142,-0.5873415096620855,0,0,1
megafeastamerica-dmgts.wordpress.com,0,-0.444562207530877,1.0271241951509535,-0.005502441101643,-0.8601092592295142,-0.8928612695735819,0,0,-1
Bild.Reise,0,-0.1997185682430474,-0.1308767240944968,0.2453724817889461,-0.8601092592295142,-0.03222322867028,0,0,1
Indiefotog,0,0.5641606959468561,-0.0829501444412276,1.4265752437321366,-0.8601092592295142,-1.6478489737217556,0,0,-1
VerdantSquareRadio,0,-0.3106759350598741,-0.1392081864027336,-0.0473149282500745,0.0147278126739818,-0.813603212859527,0,0,1
Natanox,0,-0.3779686007237872,-0.1380490560727037,-0.1622992679082612,-0.8601092592295142,-0.0742110576726362,0,0,1
cbctb_mirror,1,-0.3707759951468576,-0.1234239271141797,-0.3138695338213255,0.3646626414353801,-0.9262906928589112,0,0,1
QuickReadeBook,1,-0.444562207530877,-0.1208958425293952,-0.3138695338213255,-0.8601092592295142,-1.2891105515443544,0,0,1
SuccuBotNSFW,1,-0.444562207530877,-0.1422553526527525,-0.2981898511406636,-0.8601092592295142,-1.252031817025899,0,0,1
bluejay,0,-0.1963634748701599,-0.1400995337329,-0.2302445595244624,-0.8601092592295142,0.9440672009299584,0,0,1
unchartedworlds,0,-0.0975618511132212,-0.1355705058566003,-0.2772836075664479,-0.8601092592295142,-0.0053133032886455,0,0,1
johmmlhll,0,-0.2503879644150366,0.0222833125514555,-0.2302445595244624,-0.8601092592295142,-1.0401857774558585,0,0,1
awp_fr,0,-0.444562207530877,-0.1245583007500163,-0.3190960947148794,-0.685141844848815,-0.793111023849836,0,0,1
dirkolmes,0,1.3803289380381734,-0.073986951728946,-0.26683048577934,0.3646626414353801,-0.5292549358968801,0,0,1
zwychainy.krakaziablik,0,-0.1704024275719059,-0.1217524259909148,-0.1570727070147072,-0.8601092592295142,0.2079179019054594,0,0,1
iainfo,0,-0.2600966765708286,-0.115629735800715,-0.3190960947148794,-0.8601092592295142,-1.1713515833103203,0,0,1
stefanhoeltgen,0,-0.1801382334930889,0.0965742128550934,1.0084503722478213,-0.1602396017067173,-0.4382006530281259,0,0,1
cbcsudbury_mirror,1,-0.4088592015386095,-0.123805353127112,-0.3190960947148794,-0.8601092592295142,-0.7798443640287964,0,0,1
avecinas,0,0.6227026501665459,0.491693077151066,-0.0786742936113981,-0.8601092592295142,-1.039116645100694,0,0,1
bunjin,0,-0.117555129919882,-0.0829607668069037,0.0310834851532345,-0.5101744304681157,-1.2384000497545806,0,0,1
DiaaMahmoud097,0,3.3400901467730377,-0.1297147672289101,0.3133177734051473,-0.5101744304681157,-1.3264905213909066,1,2,-1
kagawa,0,-0.444562207530877,-0.1105489735193501,-0.1936586332695848,-0.3352070160874166,-2.199699558431906,0,0,1
the_verge,1,-0.3062130593108407,-0.1347185674535702,-0.26683048577934,-0.5101744304681157,-0.5203864396073502,0,0,1
GamingBot,1,-0.444562207530877,-0.1293993589074115,-0.1413930243340454,-0.8601092592295142,-0.1683431980890013,0,0,1
TRDEFI,0,2.8758173497499944,-0.1410081540223324,-0.3190960947148794,1.0645322989581771,-0.8428497910871963,1,4,-1
Good_News_Community,0,-0.424574971670646,-0.0602423028938111,0.2035599946405145,-0.8601092592295142,-0.720401457160865,0,0,1
coaxial,0,0.5817369283559378,-0.096274627362739,-0.2354711204180163,-0.8601092592295142,0.4122699594843105,0,0,1
technews,0,-0.3675678989562481,-0.1281979025905755,-0.1466195852275993,0.1896952270546809,-0.6839208979799695,0,0,1
algernon,0,-0.006456571500762,-0.087491232419117,-0.0734477327178442,-0.1602396017067173,-0.3947810947143939,0,0,1
jtr,0,-0.2805589126210326,-0.0626548770063235,-0.2511508030986782,-0.8601092592295142,-0.7053410065499836,0,0,1
kochzeitmagazin,0,-0.1946411655850049,-0.0415664861223926,-0.1727523896953691,0.7145974701967787,-0.702324309466676,2,0,1
StellaArnaldo,0,-0.222540819968184,0.0380111317062385,-0.2354711204180163,1.5894345421002745,-0.917317021278819,2,0,1
plaes,0,1.3426366252131985,-0.0162340995187749,-0.3034164120342176,-0.3352070160874166,0.3850711949531361,0,0,1
Glorya.Johanne,0,0.1088343853492682,-0.1054843376294849,0.4073958694891182,-0.8601092592295142,-0.9968095584264476,0,0,1
nebula.tv,0,-0.444562207530877,-0.1305971110840391,-0.2772836075664479,-0.3352070160874166,-1.2784740332544406,0,0,1
mookie,0,-0.3785410815131681,-0.138033240977654,-0.2145648768438006,1.0645322989581771,-0.5990862916681906,2,0,1
Karl_Theodor,0,0.1629943232183522,-0.1404137255168178,-0.2981898511406636,-0.8601092592295142,0.399829047277041,0,0,1
franckrichard,0,-0.1986081662508124,0.5195555361424925,-0.2563773639922321,-0.8601092592295142,-0.8753866188682784,0,0,1
foodnotes,0,-0.2232035703788188,-0.0235339230486179,-0.2197914377373545,-0.685141844848815,0.0956606266842863,0,0,1
ct_Magazin,0,-0.4445227890115465,-0.1281561549996026,0.6582707923797074,0.3646626414353801,-0.9265880975609916,0,0,1
SMaddonWriter,0,0.0053957698576522,-0.0337949910145591,-0.1100336589727218,-0.8601092592295142,-0.9326733747574276,0,0,1
metro.co.uk,0,-0.444562207530877,-0.1417720465962522,-0.2093383159502466,-0.5101744304681157,-1.21850747757133,0,0,1
killbait_uk,1,-0.444562207530877,-0.138646089223199,-0.177978950588923,-0.3352070160874166,-1.479296620354527,0,0,1
baziotis,0,-0.444562207530877,-0.0553555450224145,-0.1100336589727218,-0.8601092592295142,1.1582932151965248,0,0,1
LianaBrooks,0,-0.1897372942085966,-0.1183782195501119,-0.1204867807598296,0.7145974701967787,-0.8784867405665479,2,0,1
keira_reckons,0,0.0241308252145521,-0.1287553713787074,0.8098410582927718,-0.8601092592295142,-0.400028275678016,0,0,1
appassionato,0,-0.4084899081511017,-0.1415075169265137,0.1826537510662988,0.0147278126739818,-0.3856115083107997,0,0,1
thebeeguy,0,-0.3894781586783729,-0.1075203314315885,2.315090595636306,-0.8601092592295142,-0.7921959291558167,0,5,1
kawade,0,0.1088343853492682,1.4768115446251326,-0.3190960947148794,1.239499713338876,0.1307556467667725,2,-1,-1
wired,1,-0.3062130593108407,-0.1313127308226679,-0.261603924885786,-0.8601092592295142,-0.6976167240306641,0,0,1
popdavao.com,0,-0.444562207530877,0.2206904532834142,-0.0512348489202399,0.2334370806498558,-1.320735464357044,0,0,1
stephenblum,0,-0.3892225482428625,-0.1243292722412009,-0.2197914377373545,-0.8601092592295142,0.0021975630173659,0,0,1
nerdherz,0,-0.3311872608519933,-0.1340685131053065,0.07812253319522,0.0147278126739818,0.3123751075798259,0,0,1
timopixel,0,-0.2879405303006472,-0.0781149045348274,0.1408412639178673,-0.685141844848815,-0.2175665821262498,0,0,1
ObsidianUrbex,0,-0.4348595747189521,-0.1243669753745499,13.94418858379382,-0.1602396017067173,-0.7171010246114008,0,-1,-1
CuratedCasparDavidFriedrich,1,-0.3830736972108609,-0.1202453400335224,-0.2981898511406636,0.0147278126739818,-2.199699558431906,0,0,1
landschaftsfotos,1,-0.4285217265778293,-0.0599562466964815,-0.2145648768438006,-0.8601092592295142,-1.2561393226438768,0,0,1
techwire,1,-0.444562207530877,-0.1418590562437646,-0.2981898511406636,-0.685141844848815,-1.141049512987928,0,0,1
UnderTheHedge,0,-0.0756311456107801,-0.0975301100144954,-0.2197914377373545,-0.8601092592295142,-0.906772478831508,0,0,1
npr_world,1,-0.2232035703788188,-0.1336073040913078,-0.26683048577934,-0.685141844848815,-1.0362058325399317,0,0,1
DuncanMSussex,0,1.5920659511501227,-0.0304525745122905,-0.2563773639922321,-0.8601092592295142,-0.345402530438223,0,0,1
antistasisats,0,1.6583448454136749,2.342930104371212,-0.0577680500371824,-0.6413999912536401,0.0808623787382047,1,-1,-1
Dogsbody,0,0.2524820115862421,0.0581855490774358,-0.0734477327178442,-0.3352070160874166,-0.4898013976272448,0,0,1
people.com,0,-0.444562207530877,-0.132641837800581,-0.2354711204180163,0.5396300558160795,-0.8883699560768711,0,0,1
MicroWave,0,-0.444562207530877,-0.1314248176197339,0.1303881421307594,-0.8601092592295142,-0.2125159065646073,0,0,1
mf_newsdigest,0,-0.4438520418678932,-0.1200058963527509,-0.0420883673565205,-0.8601092592295142,-0.9961253440715616,0,0,1
Theriac,0,0.0514588188633668,-0.1388195108460796,-0.2250179986309085,0.0147278126739818,-0.5923455543856225,0,0,1
CNN,1,-0.4442637196167022,-0.1399902125539875,-0.2981898511406636,0.5396300558160795,-0.3274583590231104,0,0,1
samreciter,0,1.3734402877103606,-0.0693768248972232,-0.26683048577934,-0.685141844848815,0.01980680502221,0,0,1
FilmNoirPosters,1,0.1197280190673813,-0.0681463892025662,0.1251615812372055,2.114336785242372,-0.9302693619967046,2,0,-1
numerama,0,-0.444562207530877,-0.1391915236292392,-0.3138695338213255,-0.5101744304681157,-1.015597614139372,0,0,1
johnmoyer,0,-0.2152266825535195,-0.0370515693578375,0.2715052862567158,-0.8601092592295142,-1.6000646569886696,0,0,1
KoreanPassion,0,-0.3523294420508528,-0.0734347013896858,-0.2354711204180163,-0.8601092592295142,-0.6555809977052591,0,0,1
VJ_Efemerides,0,-0.3628526434814595,-0.1161316456806921,-0.0995805371856139,-0.8601092592295142,-1.370397699357678,0,0,1
ondarockwebzine.bsky.social,1,-0.4205014861013055,-0.1380733668557659,-0.3034164120342176,-0.8601092592295142,-0.5632008704402278,0,0,1
Cheno24lassiEl,0,-0.3001978789534478,1.2732417288845466,-0.1361664634404915,-0.5101744304681157,-0.1895801897413666,0,0,-1
bradr3d,0,8.862562309089746,0.045940990762482,-0.2563773639922321,0.5396300558160795,-1.6618681154716992,1,-1,-1
macking,0,-0.1749587392046524,-0.0741676272087561,0.1408412639178673,-0.8601092592295142,-0.5322294626026852,0,0,1
grobi,0,0.1034089285563256,-0.1009169701288223,0.0990287767694357,-0.685141844848815,-1.2667808964073315,0,0,1
gamersvoice,0,0.3216792287647087,-0.0702309765083191,-0.1518461461211533,-0.8601092592295142,-0.7198200991730936,0,0,1
JustGeek,0,-0.444562207530877,-0.1151694162660015,-0.1936586332695848,-0.8601092592295142,-0.866876786103759,0,0,1
OnlyFucts,0,-0.444562207530877,-0.1409041915742385,-0.2537640835454551,-0.8601092592295142,-0.3458468849729849,0,0,1
LondonAndrewsProject,0,-0.444562207530877,-0.0780004997347223,0.7784816929314481,-0.8601092592295142,-1.607491505439768,0,0,1
johanhorneman,0,0.3173723976222849,-0.1035038830332292,-0.0734477327178442,-0.3352070160874166,-0.1633881510828574,0,0,1
acallegaro,0,0.1607153159317818,-0.0293377434349833,1.0659425420769146,-0.8601092592295142,-0.3054080133058814,0,0,1
news,1,-0.4247980434994433,-0.1339570466646625,-0.3190960947148794,-0.8601092592295142,-1.6370919498129797,0,0,1
sagalinked,1,-0.444562207530877,-0.0765915967096207,-0.2197914377373545,0.1896952270546809,-0.6831525541427345,0,0,1
panethos.wordpress.com,0,-0.444562207530877,0.0454776670519523,-0.0839008545049521,-0.8601092592295142,-1.3251337845387976,0,0,1
ios_newsletter_snapp,0,3.7715476489234394,-0.0800873424753773,0.0310834851532345,-0.8601092592295142,-0.2891174630915918,1,2,-1
AusSMC,0,-0.4050338794680095,-0.0265244137489223,-0.0577680500371824,0.1896952270546809,-1.0828272470544342,0,0,1
ancin,0,0.1358293410995192,-0.0739062787693491,0.3446771387664709,-0.8601092592295142,-0.4310932325704141,0,0,1
exeter4christian2church4devon.wordpress.com,0,-0.444562207530877,0.0132709874508045,-0.2240677148320805,-0.8601092592295142,-1.894686559514966,0,0,1
cocoloco,0,0.0225907604848299,-0.0521759121752532,-0.0629946109307363,-0.8601092592295142,-0.1721214785696432,0,0,1
Oam_Gui,0,-0.3877818526718116,-0.1147617812326052,-0.1570727070147072,-0.8601092592295142,-1.0183807450220028,0,0,1
npr_news,1,-0.1678639110908043,-0.1376971302707395,-0.2197914377373545,-0.685141844848815,-0.7860888443389735,0,0,1
Lucienwittwer,0,-0.3151388108089075,-0.1337577338674538,-0.2563773639922321,-0.8601092592295142,-0.1578293724517964,0,0,1
clickhere,0,0.5681159114130624,-0.139747288434066,-0.2406976813115703,-0.8601092592295142,0.5591865651290081,0,0,1
stealthmusic,0,0.449386134813973,-0.1121001060606908,-0.26683048577934,-0.3352070160874166,0.5608741894953955,0,0,1
npr_up_first,1,0.1088343853492682,-0.0553751408304222,-0.1048070980791678,-0.8601092592295142,-1.0609392094484291,0,0,1
JohnKiriakou,0,-0.4184174866074056,-0.0645570016200267,-0.2720570466728939,2.46427161400377,-1.824719023142293,2,0,-1
shadowmitia,0,3.888415370764728,0.1549837846507247,-0.3190960947148794,-0.8601092592295142,1.1582932151965248,1,2,-1
manchestereveningnews.co.uk,0,-0.444562207530877,-0.1417912696579119,-0.2825101684600018,-0.5101744304681157,-1.0309228635135286,0,0,1
giannicontarino,0,-0.3904041779785496,0.1607640122699931,0.8516535454412031,0.0147278126739818,0.5231465557108841,0,0,1
yugaego,0,-0.0953953096422139,-0.0286120595449592,-0.1988851941631388,-0.1602396017067173,-0.2134626337726355,0,0,1
debacle,0,0.595398086866029,-0.1382614682415697,-0.0682211718242902,-0.8601092592295142,-0.013649098144104,0,0,1
cbclondon_mirror,1,-0.423277723189333,-0.1257312802576072,-0.3034164120342176,-0.685141844848815,-0.9630889684516364,0,0,1
