username,is_bot_declared,follow_ratio,avg_time_diff_minutes,engagement_rate,night_post_ratio,lexical_diversity
SteveThompson,0,-0.4043836687398058,-0.14221489742661747,-0.1257133416533836,2.6392390283844693,1.1582932151965248
Dragofix,0,0.1318407605588923,-0.14259709401275003,-0.2981898511406636,2.6392390283844693,1.1582932151965248
carinju,0,0.180952558357585,-0.12010760285626912,0.37080994323424066,-0.5101744304681157,1.1582932151965248
rssbot,1,-0.22320357037881888,-0.14224325122956763,-0.3138695338213255,2.6392390283844693,1.1582932151965248
blogto_mirror,1,-0.42150401616087096,-0.12889509800971885,-0.3190960947148794,2.1143367852423722,1.1582932151965248
solarphasing,0,0.040033727856061026,-0.13801547897517943,-0.16752582880181516,1.4144671277195755,1.1582932151965248
tangledwing,0,-0.07253797359773059,-0.11043179990612285,3.412668383282634,1.4144671277195755,1.1582932151965248
wallpapers,1,-0.444562207530877,-0.1405073714870601,-0.3190960947148794,-0.3352070160874166,1.1582932151965248
tness16,0,0.7401363238290457,-0.10881115155537177,-0.27205704667289393,0.01472781267398182,1.1582932151965248
nhgeek,0,1.4480541401192197,-0.022862942134634863,-0.15184614612115332,1.9393693708616728,1.1582932151965248
cazabon,0,-0.19381968049137757,-0.1375384468254598,-0.2825101684600018,1.7644019564809736,1.1582932151965248
MacSourcePorts,0,-0.39611671455147035,-0.0964734202320418,0.16697406838563705,1.0645322989581771,1.1582932151965248
irishindependent,1,-0.444562207530877,-0.1426255292341525,-0.3190960947148794,2.6392390283844693,1.1582932151965248
nyt_us,1,-0.07563114561078019,-0.1390723512968446,-0.20933831595024663,-0.3352070160874166,1.1582932151965248
CuratedRenoir,1,-0.42150401616087096,-0.12030934478817808,-0.2981898511406636,0.01472781267398182,1.1582932151965248
TIBtv,1,-0.444562207530877,-0.12008848629356597,-0.07344773271784422,1.0645322989581771,1.1582932151965248
fediboard_travel,1,-0.444562207530877,-0.12144341926844571,-0.3138695338213255,1.0645322989581771,1.1582932151965248
MATAK79,0,0.0710654784167954,-0.1272840350443038,-0.2825101684600018,0.18969522705468098,1.1582932151965248
MilagrosdeMiau,0,0.10883438534926825,3.0191200767756943,-0.11750017453494171,-0.36020236099894504,1.1582932151965248
SydneyJim,0,-0.3140771161570322,-0.1415605215636944,-0.28773672935355576,0.5396300558160795,1.1582932151965248
CuratedReligiousArt,1,-0.4168923778868697,-0.12027764771673395,-0.3034164120342176,0.01472781267398182,1.1582932151965248
MagnusIdode,0,-0.11903479995432097,-0.13670615747991569,-0.1622992679082612,0.36466264143538013,1.1582932151965248
mathaetaes,0,0.7175706375174281,-0.11846682668197284,-0.09435397629206,0.01472781267398182,1.1582932151965248
sigmanphi.bsky.social,0,-0.04927892690220182,-0.14154544493240953,-0.17797895058892302,0.36466264143538013,1.1582932151965248
GrandpaFoodie,0,1.0879206650602944,-0.12860421352244492,-0.20933831595024663,0.01472781267398182,1.1582932151965248
dailymusic,1,-0.444562207530877,-0.05075484334834754,-0.2929632902471097,2.6392390283844693,1.1582932151965248
tkhunt,0,-0.444562207530877,-0.1424376650747744,-0.3138695338213255,2.6392390283844693,1.1582932151965248
taiwan_news,1,-0.431692519324362,-0.13899982550742482,-0.3138695338213255,1.4144671277195755,1.1582932151965248
CuratedTintoretto,1,-0.3984458247908649,-0.12030925687328942,-0.2981898511406636,0.01472781267398182,1.1582932151965248
eri,0,0.2442625342786704,-0.14007605071297774,-0.06822117182429029,-0.16023960170671733,1.1582932151965248
billboard.com,0,-0.444562207530877,-0.1406394301931989,-0.2145648768438006,-0.3352070160874166,1.1582932151965248
Anja2,0,-0.24562879178964833,-0.13191466292516513,0.07812253319522001,0.5396300558160795,1.1582932151965248
news_global,1,-0.444562207530877,-0.14221396401651268,-0.3086429729277715,2.6392390283844693,1.1582932151965248
oldbookillustrations,0,-0.30878224980182584,-0.12282109876971359,2.3098640347427524,0.18969522705468098,1.1582932151965248
jessicaperthwa.bsky.social,0,0.022366167711745547,-0.14219961929930677,-0.2929632902471097,2.6392390283844693,1.1582932151965248
FreebieGamesDrops,0,-0.444562207530877,-0.1374147621855251,-0.21979143773735457,-0.5101744304681157,1.1582932151965248
P4F_Bonn,0,0.5430378659167668,-0.07566271281047349,-0.28773672935355576,0.5396300558160795,1.1582932151965248
LukeOrion,0,-0.1276598851123323,-0.11911870679509831,-0.16752582880181516,0.5396300558160795,1.1582932151965248
politico_eu_bot,1,-0.444562207530877,-0.13983106392126557,-0.3138695338213255,0.01472781267398182,1.1582932151965248
cacophony,0,0.24014883111743832,-0.1256449628533125,-0.27205704667289393,-0.16023960170671733,1.1582932151965248
sanitation,0,-0.444562207530877,-0.1416182296740422,-0.0002758802080890828,0.8895648845774778,1.1582932151965248
news_politics,1,-0.444562207530877,-0.14235773760787346,-0.3190960947148794,2.6392390283844693,1.1582932151965248
eincarsten,0,3.7484812077533003,-0.03824776563795937,-0.2929632902471097,-0.16023960170671733,1.1582932151965248
cbcedmonton_mirror,1,-0.4161828950754849,-0.13500643413316146,-0.2981898511406636,-0.5101744304681157,1.1582932151965248
harmonycorrupted,0,-0.3817014214440622,-0.14126207634274768,-0.24592424220512427,-0.16023960170671733,1.1582932151965248
walknews,0,-0.444562207530877,-0.14261301560675627,-0.3034164120342176,2.6392390283844693,1.1582932151965248
news,0,-0.444562207530877,-0.14253660260542195,-0.3190960947148794,2.6392390283844693,1.1582932151965248
gamesbrieflynews,1,-0.444562207530877,-0.1374025416965068,-0.26683048577934,0.5396300558160795,1.1582932151965248
oshiri,1,-0.32507885224993655,-0.13203431450286426,-0.10480709807916788,0.5396300558160795,1.1582932151965248
fogolf,0,-0.444562207530877,-0.14255896738630028,-0.28773672935355576,2.6392390283844693,1.1582932151965248
news_economy,1,-0.444562207530877,-0.1423161497653354,-0.3190960947148794,2.6392390283844693,1.1582932151965248
CuratedWeirdTales,1,-0.4376447501198752,-0.1203090514368022,-0.015955562888750892,0.01472781267398182,1.1582932151965248
labr,0,-0.3049416803380584,-0.1376961717801304,-0.15184614612115332,0.01472781267398182,1.1582932151965248
dicenbuttons,0,0.08222877992233815,-0.12333943606049107,0.22446623821473038,-0.16023960170671733,1.1582932151965248
mynameisbob,0,-0.444562207530877,-0.09517552777880063,-0.14661958522759938,1.0645322989581771,1.1582932151965248
CatherineBabault,0,-0.34153271800544843,-0.13718121577797435,1.0136769331413753,0.18969522705468098,1.1582932151965248
terrillmoore,0,0.2588515340215968,-0.011332657092001963,0.03631004604678851,-0.5101744304681157,1.1582932151965248
thejapantimes,0,-0.4443807957646485,-0.14123960948261946,0.031083485153234586,0.8895648845774778,1.1582932151965248
mediterraneandiet,0,-0.444562207530877,-0.13993270311744319,-0.3034164120342176,-0.16023960170671733,1.1582932151965248
mikhu,0,-0.1203063913901669,-0.04243477211525524,0.020630363366126697,-0.3352070160874166,1.1582932151965248
Laurrentiu,0,-0.42995107636572466,-0.12965550055958258,0.11993502034365157,1.239499713338876,1.1582932151965248
bbcnewsfeed,1,-0.444562207530877,-0.14142794846759543,-0.3034164120342176,1.0645322989581771,1.1582932151965248
nyt_sports,1,-0.07563114561078019,-0.13676782037576599,-0.20933831595024663,0.01472781267398182,1.1582932151965248
athletic,1,-0.43921824901594,-0.14246626004461171,-0.3190960947148794,2.6392390283844693,1.1582932151965248
lucidillusions.in,0,-0.36550555140514196,-0.13598075586537603,-0.27205704667289393,-0.685141844848815,1.1582932151965248
bielsubob,0,0.1489079317302443,-0.1403688695940492,-0.20933831595024663,0.36466264143538013,1.1582932151965248
bobthetraveler,1,-0.28696448216718345,-0.14212130992430239,-0.1988851941631388,2.6392390283844693,1.1582932151965248
castiellon,0,3.9826105355102848,0.08155528442218005,-0.16810655778998781,-0.4712927828279604,1.1582932151965248
yayafa,0,-0.444562207530877,-0.14247275648096208,-0.2302445595244624,2.6392390283844693,1.1582932151965248
dc,0,-0.444562207530877,-0.1425782436974383,-0.2145648768438006,2.6392390283844693,1.1582932151965248
davevolek,0,0.17488494643496302,-0.1360377836603893,-0.2981898511406636,0.01472781267398182,1.1582932151965248
life,0,-0.444562207530877,-0.1425078478871498,-0.3086429729277715,2.6392390283844693,1.1582932151965248
minimarket,0,-0.3942534263599547,-0.0508315225970733,-0.27205704667289393,1.239499713338876,1.1582932151965248
foxmental.bsky.social,0,-0.39558905771847475,-0.14192563608994055,-0.2250179986309085,1.9393693708616728,1.1582932151965248
cbcmontreal_mirror,1,-0.43929176378916135,-0.13194544112361198,-0.2772836075664479,-0.16023960170671733,1.1582932151965248
CuratedLandscape,1,-0.4168923778868697,-0.1203089884426694,-0.2981898511406636,0.01472781267398182,1.1582932151965248
LifeInTheRound,0,0.04443914545048772,-0.12436910615242339,0.6687239141668152,0.7145974701967787,1.1582932151965248
intamixx,0,-0.444562207530877,-0.1392202218498149,-0.3190960947148794,-0.16023960170671733,1.1582932151965248
theguardian_world_news,1,-0.444562207530877,-0.14114412874835355,0.025856924259680617,0.5396300558160795,1.1582932151965248
GetMusic,0,-0.2718288287356066,-0.13667703294401684,-0.2511508030986782,-0.16023960170671733,1.1582932151965248
nerds.xyz,0,-0.444562207530877,-0.12155364568848898,-0.2511508030986782,-0.3352070160874166,1.1582932151965248
BypassBlues,0,1.517837058001553,-0.1389559479373206,-0.2981898511406636,-0.16023960170671733,1.1582932151965248
KellyJu,0,-0.23334213391250094,-0.11046843554718072,0.24537248178894616,1.7644019564809736,1.1582932151965248
NMARoulette,1,0.11424216964451396,-0.13069301339442466,-0.2929632902471097,0.01472781267398182,1.1582932151965248
DamirAkhmadi,0,0.5419273710815558,-0.06521452777533446,-0.19365863326958485,-0.3352070160874166,1.1582932151965248
cnbusinessforum,0,-0.4405520872926151,-0.1397505899017195,-0.07867429361139819,0.18969522705468098,1.1582932151965248
CuratedVanGogh,1,-0.43604841379425935,-0.12030936571522304,-0.14661958522759938,0.01472781267398182,1.1582932151965248
Pioter,0,-0.09240073933442094,-0.0461245882138342,-0.005502441101643004,1.4144671277195755,1.1582932151965248
MrCopperpot,0,0.04175601045470518,-0.10332321948130231,-0.23547112041801632,0.7145974701967787,1.1582932151965248
theblazetrends,0,-0.444562207530877,-0.14062672199220905,-0.19365863326958485,0.18969522705468098,1.1582932151965248
sport_ua_feed,1,-0.444562207530877,-0.14177002311607753,-0.3190960947148794,2.1143367852423722,1.1582932151965248
ToTheOneWhoHoldsMe,0,1.4284724145249992,-0.06868074185968127,-0.3190960947148794,0.5396300558160795,1.1582932151965248
pesasafi,0,-0.25744249626924515,0.42172602021304806,0.10948189855654364,-0.685141844848815,1.1582932151965248
cheapshark,0,-0.41599980273706305,-0.12589172551512537,-0.2145648768438006,-0.16023960170671733,1.1582932151965248
csilverman,0,-0.4043002430897083,-0.11985110198311756,5.581691154107519,0.5396300558160795,1.1582932151965248
kpop,0,-0.444562207530877,-0.14236721601500762,-0.3190960947148794,2.6392390283844693,1.1582932151965248
FrankauLux,0,0.17496353795758748,-0.12553497589617305,-0.28773672935355576,-0.685141844848815,1.1582932151965248
earthalerts,0,-0.4115236049708684,-0.13548548965655682,0.17220062927919097,0.01472781267398182,1.1582932151965248
thuwuwu.bsky.social,0,-0.42919007995087294,-0.11647396181555823,-0.2825101684600018,0.8895648845774778,1.1582932151965248
PugJesus,0,-0.444562207530877,-0.1424518440263544,-0.15184614612115332,2.6392390283844693,1.1582932151965248
minimarket,0,-0.4154360710635009,-0.05083136284863847,0.031083485153234586,1.4144671277195755,1.1582932151965248
nedraggett,0,-0.15557632226863014,-0.12331151746552689,-0.07344773271784422,0.01472781267398182,1.1582932151965248
jobvandermeer,0,0.24600106221699655,0.6942182441874122,0.057216289621004286,-0.685141844848815,1.1582932151965248
dude,0,-0.444562207530877,-0.14119062384981215,-0.12048678075982969,1.0645322989581771,1.1582932151965248
ojala,0,0.09436093599701827,0.13450051758976972,-0.04208836735652059,0.18969522705468098,1.1582932151965248
guardian_world,1,-0.32158518689084475,-0.1413348683795589,-0.26160392488578604,0.8895648845774778,1.1582932151965248
MikeImBack,0,0.1960919394133576,-0.14218307931910926,-0.2772836075664479,2.6392390283844693,1.1582932151965248
luci,0,0.0961853203691506,-0.09195534918139127,0.43875523485044193,0.01472781267398182,1.1582932151965248
cbcottawa_mirror,1,-0.439341484956536,-0.1299221206973394,-0.28773672935355576,-0.5101744304681157,1.1582932151965248
CuratedManet,1,-0.4120094667732214,-0.12030899419361306,-0.3086429729277715,0.01472781267398182,1.1582932151965248
argv_minus_one,0,0.05546964176857084,-0.1423550218844811,-0.2981898511406636,2.6392390283844693,1.1582932151965248
antaranews_topnews,1,-0.444562207530877,-0.1375507474549429,-0.3190960947148794,0.8895648845774778,1.1582932151965248
xaeseyes81,0,1.0772784228895225,-0.12063773868719899,1.1704737599479935,0.01472781267398182,1.1582932151965248
Libertariobr,0,-0.444562207530877,-0.14094244853258994,-0.3086429729277715,0.01472781267398182,1.1582932151965248
cbctop_mirror,1,-0.44098035256077894,-0.14005815888827508,-0.3138695338213255,-0.5101744304681157,1.1582932151965248
columbus,1,-0.42271760518034496,-0.141997451637819,-0.2981898511406636,2.6392390283844693,1.1582932151965248
minnamoira,0,0.23532503515044434,1.4871630199147345,0.01191942854353678,0.30634016997514707,1.1582932151965248
dazzledbyart,1,-0.2795433439913156,-0.13902876638587305,-0.16752582880181516,0.01472781267398182,1.1582932151965248
CuratedPicasso,1,-0.4050338794680095,-0.12027790906517338,-0.3138695338213255,0.01472781267398182,1.1582932151965248
ujh,0,-0.03442076103459914,-0.08509367465948016,-0.05254148914362848,-0.5101744304681157,1.1582932151965248
gstats_steam_updates,0,-0.435182604261722,-0.13337396487747713,-0.2145648768438006,0.18969522705468098,1.1582932151965248
panonerpan,0,0.18176261851951994,0.251235159903444,-0.19365863326958485,-0.685141844848815,1.1582932151965248
SmithsonianRoulette,1,0.11392699203221433,-0.13126805451038953,-0.18320551148247696,0.01472781267398182,1.1582932151965248
one,0,-0.444562207530877,-0.11632699639721975,0.4910208437859813,-0.3352070160874166,1.1582932151965248
pasleplatine,0,-0.3892225482428625,-0.10131586197063115,-0.3138695338213255,2.6392390283844693,1.1582932151965248
hourlyslothbot,1,-0.444562207530877,-0.13893597938296495,-0.27205704667289393,0.01472781267398182,1.1582932151965248
nicoletteolivier,0,0.2932999163093166,-0.10065834657171807,-0.03686180646296663,0.5396300558160795,1.1582932151965248
cbcns_mirror,1,-0.4254795663970789,-0.13008916431070933,-0.3086429729277715,-0.685141844848815,1.1582932151965248
games,0,-0.444562207530877,-0.14255657115977763,-0.3190960947148794,2.6392390283844693,1.1582932151965248
coa100,0,-0.1583225905239053,-0.1342168506562014,-0.2563773639922321,-0.5101744304681157,1.1582932151965248
Mickytankbank,0,-0.08880725496506932,0.07815958759686936,-0.10480709807916788,2.6392390283844693,1.1582932151965248
HamonWry,0,-0.30102072018087095,-0.14123987131030416,0.8464269845476493,2.1143367852423722,1.1582932151965248
kunstudio,0,-0.444562207530877,-0.13760976236073721,-0.2981898511406636,-0.5101744304681157,1.1582932151965248
kato,0,-0.29813820630188914,-0.10485104158427982,0.16697406838563705,-0.685141844848815,1.1582932151965248
thestranger.com,0,-0.444562207530877,-0.118236682436839,-0.2563773639922321,-0.8601092592295142,1.1582932151965248
world_beauty,1,0.04071198905556802,-0.125325306235187,1.0136769331413753,-0.16023960170671733,1.1582932151965248
surlykilljoy,0,-0.22763074312186005,-0.14108717960281972,-0.3138695338213255,0.01472781267398182,1.1582932151965248
wine,0,-0.444562207530877,-0.1398944699920369,-0.3138695338213255,0.7145974701967787,1.1582932151965248
Piotrr_K,0,-0.281798503742599,0.07809478298180036,0.010177241579018807,2.46427161400377,1.1582932151965248
bomengidsnl,1,-0.2007606702448421,-0.13435721649395008,-0.2041117550566927,-0.5101744304681157,1.1582932151965248
dailyrecord.co.uk,0,-0.444562207530877,-0.1413321526561665,-0.3138695338213255,0.36466264143538013,1.1582932151965248
higurashiuminekoa,1,-0.444562207530877,-0.12861047954830276,-0.3034164120342176,-0.16023960170671733,1.1582932151965248
laur_lawr,0,-0.44309690322492784,-0.1357329477565561,0.43875523485044193,1.239499713338876,1.1582932151965248
ChrisMayLA6,0,-0.4355155560825794,-0.13951176599162576,0.8150676191863255,-0.16023960170671733,1.1582932151965248
nyt_homepage,1,-0.07563114561078019,-0.14157752625208891,-0.1988851941631388,0.36466264143538013,1.1582932151965248
Zita,0,0.19268235396747213,-0.1337219502180485,-0.1361664634404915,0.7145974701967787,1.1582932151965248
bbc_news,1,-0.36550555140514196,-0.13997482345476409,-0.24592424220512427,0.36466264143538013,1.1582932151965248
hashamatic,1,-0.41671835380105837,-0.13331917116432518,-0.3190960947148794,0.8895648845774778,1.1582932151965248
CuratedAllaertVanEverdingen,1,-0.37538763342085885,-0.12030944361920975,-0.2825101684600018,0.01472781267398182,1.1582932151965248
personfromMauke,0,0.4777654472693651,2.859657853780024,-0.2250179986309085,-0.16023960170671733,1.1582932151965248
nesbot,1,-0.4433016230368448,-0.1409862011261686,-0.3190960947148794,0.01472781267398182,1.1582932151965248
sjaakkeuvelaar,0,0.3225344089391457,-0.14067031489060233,-0.16752582880181516,0.7145974701967787,1.1582932151965248
cbcsports_mirror,1,-0.4254795663970789,-0.13662282204640472,-0.3138695338213255,-0.16023960170671733,1.1582932151965248
mithrietv,0,-0.29363586401811015,-0.0548584078931759,-0.2929632902471097,2.1143367852423722,1.1582932151965248
killbait,1,-0.444562207530877,-0.14202609985713457,-0.2406976813115703,2.6392390283844693,1.1582932151965248
iseriksonartist,0,-0.24633059217082498,0.030519515856254124,1.0711691029704686,0.5396300558160795,1.1582932151965248
bedardbrandon928,0,1.2156275711095588,-0.14016507500125147,0.025856924259680617,1.0645322989581771,1.1582932151965248
theguardian_us_opinion,1,-0.444562207530877,-0.12936188293633688,-0.28773672935355576,0.01472781267398182,1.1582932151965248
doom-disco.bsky.social,0,-0.30401704108512584,-0.12997318668076424,-0.26683048577934,0.36466264143538013,1.1582932151965248
IzaskunGraciaQuintana,0,-0.19089507058347163,-0.12508270161213525,0.09902877676943579,0.36466264143538013,1.1582932151965248
nisemikol,0,0.321338677015244,-0.14097741011654957,-0.28773672935355576,0.01472781267398182,1.1582932151965248
Bearavikas,0,4.53600712839043,2.5674748131127187,-0.22850237255994443,-0.16023960170671733,1.1582932151965248
travelitems,0,-0.444562207530877,-0.12266975475327496,-0.2145648768438006,-0.3352070160874166,1.1582932151965248
analytics,1,0.6570590474548327,-0.14189047343595088,-0.2981898511406636,2.6392390283844693,1.1582932151965248
SocraticEthics,0,-0.44446870310520786,-0.14263223866841598,-0.3086429729277715,2.6392390283844693,1.1582932151965248
heiseonline,0,-0.44395925049085977,-0.13982093246252975,0.5903255007635061,1.239499713338876,1.1582932151965248
CuratedCourbet,1,-0.4182099888222987,-0.12027791508236442,-0.3086429729277715,0.01472781267398182,1.1582932151965248
nyt_world,1,-0.16786391109080437,-0.13145991238063875,-0.20933831595024663,-0.16023960170671733,1.1582932151965248
Econopass,0,-0.385740578232682,-0.14150840842927917,-0.2929632902471097,0.5396300558160795,1.1582932151965248
news_society,1,-0.444562207530877,-0.1426708445401703,-0.3190960947148794,2.6392390283844693,1.1582932151965248
sailingnews,1,-0.40049387241637846,-0.13837451688396193,-0.3190960947148794,-0.3352070160874166,1.1582932151965248
kokurya,0,-0.2755247027965781,-0.13989562470697342,0.16174750749208303,-0.5101744304681157,1.1582932151965248
media,0,-0.444562207530877,-0.14263239841685085,-0.2825101684600018,2.6392390283844693,1.1582932151965248
MusiqueNow,0,1.6153028881896638,-0.14167688977856271,-0.3190960947148794,0.36466264143538013,1.1582932151965248
BreakingImpossible,0,0.5465383107283378,-0.12950756328501598,0.9979972504607135,-0.5101744304681157,1.1582932151965248
psychosoundtrack,0,-0.07563114561078019,0.5333783876406772,-0.1727523896953691,2.1143367852423722,1.1582932151965248
smeyer60.wordpress.com,0,-0.444562207530877,-0.05535554502241452,0.09902877676943579,2.6392390283844693,1.1582932151965248
TheCentralScrutinizer,0,-0.37160389093798263,-0.1380171063857347,-0.2145648768438006,0.8895648845774778,1.1582932151965248
BM24,0,0.8534043466789182,-0.1128247404034979,-0.26683048577934,0.5396300558160795,1.1582932151965248
shrampybot,1,-0.4414532379079548,-0.14055492327116573,-0.28773672935355576,0.5396300558160795,1.1582932151965248
pixelaffe,0,-0.10838670718312525,-0.13075218027422997,-0.2563773639922321,-0.16023960170671733,1.1582932151965248
antiradio,1,0.07871170922048892,-0.13531532360027942,-0.3034164120342176,0.01472781267398182,1.1582932151965248
sagalinked,1,-0.444562207530877,-0.14138393212935083,-0.3138695338213255,0.01472781267398182,-0.5478365471701808
comingsoon.net,0,-0.444562207530877,-0.14177934177477683,-0.3190960947148794,1.5894345421002745,-1.1266174276232797
npr_national,1,-0.2600966765708286,-0.13112726288981252,-0.1622992679082612,-0.8601092592295142,-0.8645939978326505
fkftsh,0,-0.18666864968381902,-0.1409465199344499,0.025856924259680617,0.8895648845774778,-0.4412211315479792
novinky,1,-0.444562207530877,0.28288130706097636,-0.026408684675858784,-0.8601092592295142,-0.8361629455589678
princejvstin.com,0,-0.4050338794680095,-0.13695311045536396,-0.27205704667289393,-0.5101744304681157,-0.5893022233337548
wired.jp,0,-0.444562207530877,-0.10136309425786709,-0.1727523896953691,-0.8601092592295142,-0.613545743306951
hyde,0,-0.2121513154785214,-0.10833499519982145,-0.15184614612115332,-0.8601092592295142,-0.1784771138268505
olafk,0,0.14699966761686442,-0.11059612779610041,-0.19365863326958485,-0.685141844848815,-0.3753543328396983
cthonyxa,0,0.08577619397926221,0.4056942530362326,-0.1727523896953691,1.239499713338876,-0.968906043451525
calmplaythroughs,0,3.8719312169342555,-0.05550187458873285,-0.2302445595244624,-0.685141844848815,-0.7886611594768292
QueerMatters,0,-0.12854886537359983,-0.11749907066367989,-0.19365863326958485,-0.685141844848815,-0.3119039004116377
b1u3sky.bsky.social,0,-0.418822831117847,-0.1385940358346984,-0.26683048577934,-0.16023960170671733,0.3893345745133753
admin,0,-0.4002904801004654,-0.12120493301329373,0.004950680685464885,-0.3352070160874166,-1.048748790255431
cookingwithnonperishablesdotcom.wordpress.com,0,-0.444562207530877,0.17766337319645337,-0.1100336589727218,-0.8601092592295142,-0.8542092241969419
vrtnws,1,-0.444562207530877,-0.14185612752245916,-0.3190960947148794,-0.16023960170671733,-0.7943034703938946
jonlord,0,-0.36487309815613606,-0.13401716532564267,0.5223802091473051,-0.8601092592295142,0.21772148732228602
LidoHZ,0,-0.21669302222728778,0.021470229227738124,0.3080912125115934,-0.5101744304681157,-0.9742293813661149
peterbeers,0,0.6622309782294136,0.08274648029673136,-0.047314928250074516,-0.8601092592295142,-0.18827030305046494
leaschoenberger,0,-0.060997136891611396,-0.09793467372448336,0.11993502034365157,-0.5101744304681157,-0.3128464477470439
kvfbot,1,-0.4376447501198752,-0.13888805485251138,-0.3190960947148794,-0.5101744304681157,-0.7510917735677616
esoastronomy,0,-0.43862791215190694,0.04145162693156905,7.050354765196175,-0.8601092592295142,-0.7543084095067437
cheryanne,0,-0.04478196125227375,-0.13695067908418557,-0.17797895058892302,-0.3352070160874166,-0.5511808466242561
sjar,0,0.03659295819988967,-0.1362728664751369,-0.2511508030986782,-0.5101744304681157,-0.4916113119909576
Geobomatic,0,0.6208351701005836,-0.13787902622859177,-0.08912741539850602,-0.8601092592295142,-0.6540588654986284
villebooks,0,-0.1591718180089173,-0.1391396754109784,-0.1257133416533836,-0.8601092592295142,0.038300356339969595
ryansmoviereviews,0,0.11222945647123231,-0.04462369841898411,-0.2511508030986782,-0.5101744304681157,-1.6521418087766402
pomarede,0,-0.4244700075819091,-0.1107396522864018,0.03631004604678851,-0.8601092592295142,-0.6444830797243085
scientific_american,1,-0.32158518689084475,-0.12417517075377899,-0.13093990254693755,-0.8601092592295142,-1.025621985798751
theguardian_science,1,-0.444562207530877,-0.12080336053949878,-0.23547112041801632,0.01472781267398182,-0.8829803100427427
cbcnf_mirror,1,-0.418822831117847,-0.1292355751738525,-0.3190960947148794,-0.8601092592295142,-0.7989304767578528
wrstscrnnm6,0,1.459864056235433,-0.003016999814663371,-0.21979143773735457,0.01472781267398182,-0.13096972780591243
cpponsea,0,-0.444562207530877,-0.09460898368208517,-0.3034164120342176,-0.8601092592295142,-1.470456282576483
Kingu,0,-0.2968427982760175,-0.12435030828784772,-0.1622992679082612,-0.8601092592295142,-1.0603134325535024
DanielTaylor,0,0.11621300658767023,-0.0852395074614156,-0.21979143773735457,-0.8601092592295142,-0.028365885258635076
EarthOrgUK,0,-0.1785434944621756,-0.1381891022005848,-0.2981898511406636,-0.5101744304681157,-1.0169247758178432
kingcloggy.eurosky.social,0,-0.1371196559307963,-0.13036105433633383,-0.3086429729277715,-0.5101744304681157,-0.23605977464654218
CuratedIvanAivazovsky,1,-0.3942534263599547,-0.12030909685860719,-0.3138695338213255,-0.16023960170671733,-2.199699558431906
identity,0,3.3212341196291355,0.00028052162647009004,-0.3086429729277715,1.5894345421002745,0.12405762409848944
zofe,0,-0.444562207530877,-0.12639444926012847,0.11993502034365157,-0.16023960170671733,-0.6674189031934634
chiefxpressdog.net,0,-0.444562207530877,-0.04827229942137297,-0.04208836735652059,-0.8601092592295142,-0.8117671433655324
nyt_business,1,-0.07563114561078019,-0.12995790434674476,-0.14661958522759938,-0.5101744304681157,-0.7660962362112715
joerghaefner,0,0.8282499560934571,-0.1282405997794947,0.8150676191863255,-0.5101744304681157,-0.48826420078650334
railpage,0,-0.4262030788571281,-0.13803236710046596,-0.1884320723760309,-0.685141844848815,-0.44385034759026193
Wesearchpress,0,-0.444562207530877,-0.14110400542621668,-0.26683048577934,0.7145974701967787,-0.42452730587542636
WhisprNews,0,-0.3726925201438452,-0.14112553855674323,-0.2825101684600018,1.239499713338876,-0.7717576853034102
Bella,0,-0.40327416824344653,-0.07890352930818054,0.010177241579018807,-0.8601092592295142,-0.1368747489189007
Clara_Pirx,0,-0.24614928276653225,-0.14211417449421263,-0.2929632902471097,-0.8601092592295142,-0.707258325708159
ymbot,0,-0.444562207530877,-0.13470146478613568,-0.2145648768438006,-0.3352070160874166,-1.1948551426465681
tugatech,1,-0.39977569257220474,-0.1423874508167547,-0.3190960947148794,-0.8601092592295142,-1.3498663050547364
xbohiti,0,-0.22320357037881888,0.7544466785410168,-0.2825101684600018,-0.16023960170671733,-0.33672341223425184
awemans,0,0.09880908475361345,-0.1015105420632293,-0.17797895058892302,-0.8601092592295142,-1.1515298495192277
pascal_le_merrer,0,0.027243862040016043,-0.12231110758916408,-0.3086429729277715,-0.3352070160874166,0.7761603248831898
wisdom,1,-0.444562207530877,-0.12820109755927248,-0.23547112041801632,-0.16023960170671733,-0.4675712525769698
boycott,0,0.39660061364694377,0.3077622407537588,-0.08912741539850602,-0.8601092592295142,-1.0720711474210245
bitsofpluto,1,-0.444562207530877,-0.13184314887583268,-0.2406976813115703,-0.3352070160874166,-2.2173732046088976
Darlings,0,0.07809013018926016,-0.08290160663653266,0.14606782481142128,-0.16023960170671733,-0.15118274852247582
sentinel0079,0,-0.025775596702658957,-0.1315757299959016,-0.14661958522759938,0.5396300558160795,-0.27872287582990646
TauC,0,1.1653187899386366,-0.09765559933249858,-0.15707270701470727,-0.685141844848815,-0.05204208719668396
MisterB,0,-0.14108665659660383,-0.09740791790418744,0.051989728727450314,-0.685141844848815,-0.4318135942378352
metwo,0,3.4292139426301396,-0.11007234427293304,-0.2145648768438006,-0.8601092592295142,-0.1672302480778558
BBC,1,-0.4444996155470646,-0.1421946344558964,-0.3138695338213255,-0.8601092592295142,-0.20638073011549554
scholacampesina,0,1.4527975394867638,20.78714183278555,-0.1100336589727218,-0.8601092592295142,0.1483705765112825
moodywarlock,0,1.286824793585367,-0.12870877808521092,-0.20933831595024663,-0.5101744304681157,-1.7071766245289743
b59r,0,0.30163061770751237,-0.14060002584551778,-0.1361664634404915,-0.16023960170671733,0.13685054641221112
booksfromeurope,0,1.1193846853912728,0.34970716417578096,0.025856924259680617,-0.8601092592295142,-0.3024877443303435
hollywoodreporter,1,-0.4431432419081074,-0.13951133184862935,-0.3138695338213255,0.36466264143538013,-0.6975660543187738
loudersound.com,0,-0.444562207530877,-0.13396535358327452,-0.3190960947148794,-0.3352070160874166,-1.119914497350987
vijesti,0,0.016601619869244057,-0.14213920174900507,-0.3190960947148794,-0.8601092592295142,-0.5647866398723738
A7Production,0,-0.281798503742599,-0.13570253208055735,-0.010729001995196925,-0.5101744304681157,-1.308803516448853
linuxeasy,0,-0.4139230250132477,-0.12793122920334046,-0.18320551148247696,-0.5101744304681157,-0.7983559403789748
Bebef,0,0.5937152095871099,-0.10631404751705165,-0.2250179986309085,-0.3352070160874166,-0.032065473330939516
rosecoveredglasses.wordpress.com,0,-0.444562207530877,-0.050755855088434894,-0.23547112041801632,-0.8601092592295142,-1.6276299726894898
brettezeleliquide,0,-0.3323203573984805,-0.13329355816527166,0.057216289621004286,0.18969522705468098,-0.45959280299575406
hess_photo,0,-0.1915221297455318,-0.07938826324944093,0.2715052862567158,-0.8601092592295142,-0.04911429590489109
zenrenji,0,0.410687072374802,-0.1399402645433592,-0.2825101684600018,-0.8601092592295142,0.30916831507289916
cmconseils,0,-0.40127979244527906,-0.13842009694638577,6.083440999888697,-0.8601092592295142,0.37627347285175744
Pulrepo,0,-0.444562207530877,-0.13356840151346058,-0.2041117550566927,0.8895648845774778,-1.3686837023733545
ScienceScholar,1,-0.444562207530877,-0.13938338528020136,-0.2041117550566927,-0.5101744304681157,-0.6694472124240497
Joshuakevins12,0,0.5976680423933965,-0.1401007209300183,-0.21979143773735457,-0.3352070160874166,-0.24934232102405618
Mr.Android123,0,-0.09421040772186422,-0.13770282796491565,-0.2406976813115703,-0.8601092592295142,0.09787444457702016
gestorumrss,1,-0.444562207530877,-0.13951772993319336,-0.3190960947148794,0.18969522705468098,-1.070612481010077
MovieInfos,1,-0.3830736972108609,-0.00029234989275165625,-0.3190960947148794,1.239499713338876,-1.1945952529464978
Arint,0,-0.18414028146963218,-0.13702054239969128,-0.20933831595024663,0.18969522705468098,-0.6466749050068871
upworthy.com,0,-0.444562207530877,-0.13405087224539503,-0.2406976813115703,-0.8601092592295142,-1.2476989534359644
spaziogames,1,-0.444562207530877,-0.13337722821850415,-0.3138695338213255,-0.8601092592295142,-0.7706736824954621
infobot,1,-0.444562207530877,-0.14022041004859961,-0.3190960947148794,-0.685141844848815,-0.9242308273371174
gsgermanok,0,-0.23960050646415657,-0.04129805550237419,-0.1884320723760309,2.6392390283844693,-0.9387242493659128
krishna-author.bsky.social,0,2.2560131657242315,-0.10854718244289116,-0.2041117550566927,-0.8601092592295142,-1.3693906539914678
Travelfamily84,0,-0.16332787344424582,-0.04130417919237662,0.24014592089539213,-0.5101744304681157,-1.856622897349125
movieposters,1,-0.4272685640033725,-0.0938867077586712,-0.3138695338213255,-0.8601092592295142,-1.890351759526216
roughlydaily,0,-0.444562207530877,-0.00934799578696195,-0.24592424220512427,-0.8601092592295142,-1.5039686262342087
osnafm,0,-0.444562207530877,-0.1413897574625264,-0.27205704667289393,0.36466264143538013,-0.584592668185486
3iatlas,0,-0.32004797413284436,-0.13893615553223912,-0.3138695338213255,-0.5101744304681157,-1.1305555663932207
Loviz,0,-0.40270868369960555,-0.056950526645388515,-0.19365863326958485,-0.8601092592295142,-1.4482179981741405
radiondadurto,0,-0.43853829686817586,-0.1257089154767289,-0.24592424220512427,-0.8601092592295142,-1.0549661455001473
Zf,0,-0.07186654293812614,-0.1391312984693025,0.09902877676943579,-0.16023960170671733,-0.18490389425484755
pottersfeld,0,1.9165965887577427,-0.13736481119292598,0.1251615812372055,1.4144671277195755,-0.10676777431446301
starstuft,0,0.24344436740119543,-0.12749215338823905,0.1774271901727449,1.4144671277195755,-0.21303986609514194
autonomysolidarity,0,-0.3713373501909965,-0.11992085693593495,0.7209895231023546,-0.685141844848815,-0.24985095175078448
Christine_Broesenhuber,0,-0.05815546373035456,-0.08305498813775879,-0.09958053718561391,-0.8601092592295142,-0.14683757941209616
ITA,0,-0.20281527485165565,0.06356481084096585,-0.08912741539850602,-0.5101744304681157,-1.4780256728714098
gamewire,1,-0.444562207530877,-0.13941506493906605,-0.3138695338213255,0.01472781267398182,-1.244237332799282
ekimellnea,0,0.7412876343551486,-0.125129439105219,-0.26683048577934,-0.3352070160874166,0.04118539080176384
675345456754334566664w,0,-0.04294671900863566,-0.08918931030374286,7.442346832212721,-0.685141844848815,-0.8356566098999793
dedication_bot,1,-0.44258579112773366,-0.1297346825337876,-0.1727523896953691,-0.3352070160874166,-0.419189253493647
randomwizard,0,-0.3653623328252041,-0.12290320046606225,0.16697406838563705,0.01472781267398182,-0.8275819370545472
emarktaylor.bsky.social,0,-0.09407769870678503,-0.14093001547165437,-0.3086429729277715,0.36466264143538013,-0.5160522120974297
Eeva-Riitta,0,-0.12724764739317904,-0.13457585885177506,-0.2406976813115703,-0.8601092592295142,-0.06181636859579858
Bobe_bot,1,-0.4310647296557515,-0.1398938842477758,-0.3138695338213255,-0.16023960170671733,-0.15575981312394113
CuratedJanSteen,0,-0.4050338794680095,-0.12030923461500749,-0.3086429729277715,0.01472781267398182,-2.199699558431906
liliumf,0,-0.444562207530877,-0.14249925411359832,-0.3086429729277715,2.6392390283844693,-0.04749646021566417
hubude,0,-0.44208060845966557,-0.1416388745500215,-0.2981898511406636,-0.3352070160874166,-0.7516829566685769
lymphomation,0,0.18189897218429968,-0.12449664009064415,-0.21979143773735457,-0.8601092592295142,-0.6062069541757462
bookcorners,1,0.03250382081407577,-0.059956310436106997,0.1826537510662988,-0.685141844848815,-1.115397482167818
gamingonlinux.com,0,-0.4276903601869701,-0.12932226532449523,-0.16752582880181516,-0.8601092592295142,-0.24256721910881118
Dash_Italia,0,2.366692484300261,-0.1338796767702035,-0.3138695338213255,-0.3352070160874166,-0.5561319093457615
kushnow3.wordpress.com,0,-0.444562207530877,0.025692929895315846,-0.2145648768438006,-0.8601092592295142,-0.33001383128699013
ACCUConf,0,-0.3826917809976931,-0.09870818640239902,-0.24592424220512427,-0.8601092592295142,-1.3718287638254507
OptaAnalyst,1,-0.444562207530877,-0.1153092391188202,-0.3190960947148794,-0.8601092592295142,-1.0741673545287478
imaji,0,-0.23703848520082255,-0.1313830419130365,0.43875523485044193,-0.16023960170671733,-0.05795770451043384
basepair,0,0.19870220812467648,-0.12977622378303214,0.004950680685464885,-0.685141844848815,-0.17734874779750762
hackernews,1,-0.41381795237086894,-0.12215211657489783,-0.2929632902471097,-0.16023960170671733,-0.37091588664247677
Kalmdaan,0,-0.37113418064386744,1.0348319399833883,0.511927087360197,-0.8601092592295142,-0.7749872645723677
robotwig,0,-0.39017164530189175,-0.11101956764739708,1.0711691029704686,-0.8601092592295142,-0.9805255457138544
saarlandnews,1,-0.444562207530877,-0.1416193270925401,-0.3190960947148794,0.18969522705468098,-0.6564719861191023
inautilo,0,-0.40773729562018346,-0.12148588854959777,-0.047314928250074516,0.18969522705468098,-0.472162875779474
NottinghamForestNews,1,-0.4247980434994433,-0.11471822315937079,-0.3190960947148794,-0.8601092592295142,-1.4033774778336088
colhab,1,-0.444562207530877,-0.05535554502241452,-0.1100336589727218,-0.8601092592295142,0.5523396319853795
rekkerd,0,-0.05190830570904443,-0.13032286668598195,-0.2981898511406636,-0.16023960170671733,-1.1240229637747108
nyt_arts,1,-0.3338828889548479,-0.13356113679363757,-0.2563773639922321,-0.3352070160874166,-0.8432231576606162
bd,0,-0.36289591421264195,-0.08458391740388874,-0.2406976813115703,-0.8601092592295142,-0.45432519173636227
telepolis,0,-0.444562207530877,-0.13352045419223027,-0.20933831595024663,-0.685141844848815,-0.8752594184783568
privacysafe,1,-0.385380958386096,-0.13663554867171404,-0.2981898511406636,0.36466264143538013,-0.7707316809972294
Radio_Regentrude,0,-0.28730202466205873,-0.11194025112688893,-0.09958053718561391,-0.8601092592295142,-1.7515949000246602
humanspectrumrecords,0,-0.42497294760591614,0.7682911988493987,-0.15184614612115332,-0.8601092592295142,-0.3511317015411481
soonleenz,0,0.2771957826540743,-0.12164108133182765,-0.17797895058892302,0.36466264143538013,-0.13124969804326367
a7production.bsky.social,0,-0.2864488952794069,-0.09765716263068198,-0.0839008545049521,-0.8601092592295142,-0.7550929806031508
adgaps,0,0.10883438534926825,0.03243070092193645,-0.13093990254693755,1.0645322989581771,-0.756085457501134
CuratedAnthonyVanDyck,1,-0.4050338794680095,-0.12030898066824558,-0.3086429729277715,0.01472781267398182,-2.199699558431906
OccasionalDucks,0,-0.1351361555978926,-0.06942895613646109,-0.026408684675858784,-0.8601092592295142,-0.6375772834332811
lazysupper,0,0.21412665744593304,-0.13466712845755002,-0.14661958522759938,0.36466264143538013,-0.1916144177480981
tksst,0,-0.4402833678952058,-0.12407964118974148,0.5328333309344129,-0.8601092592295142,-0.40114615336156995
erik,0,-0.444562207530877,-0.050687132643001405,0.16174750749208303,-0.8601092592295142,-1.313706969036307
lobsters,1,-0.4416656014440927,-0.1387600067905778,-0.24592424220512427,-0.16023960170671733,-0.44996558533751685
gutenberg_org,0,-0.4440961539611055,-0.12369145270606526,2.0537625509586093,-0.8601092592295142,-0.5975199997725894
greens-efa.eu,0,-0.41381795237086894,0.13677564718416144,-0.2041117550566927,-0.8601092592295142,-0.8281037696534016
UnderpantsWeevil,0,-0.444562207530877,-0.13934475778915892,-0.14661958522759938,-0.8601092592295142,-0.43368407402868536
AverageS,0,-0.42257603689235895,-0.13016142385273768,0.4544349175311038,-0.8601092592295142,-0.6940019676552411
kineticdiplomacy,0,12.323087756775331,-0.11014164349896546,-0.2250179986309085,-0.685141844848815,0.07226046461036574
mattyjshepherd,0,1.9073733122097403,-0.10029335407806203,-0.16578364183729719,-0.39352948754764966,-0.2944919398053853
sudoaptgetlife,0,0.7496093876315417,1.9179383891445223,-0.07867429361139819,-0.8601092592295142,-0.5898907012252941
Garwboy,0,-0.4191665121874013,-0.11089203514691223,0.956184763312282,-0.8601092592295142,-0.9658947802940465
HarvardArtRoulette,1,0.11269888669619667,-0.12896751730018205,-0.20933831595024663,-0.3352070160874166,-0.6955479587203458
VayeurFrancis,0,0.4051412224819444,-0.08858672072993735,0.031083485153234586,-0.8601092592295142,-0.29295740584100827
AnnetteFalkLund,0,0.19268235396747213,-0.12021916051326945,-0.0839008545049521,-0.5101744304681157,-0.25643808210661456
CindyCinnamon,0,-0.13740171331758538,-0.0922231408076703,-0.005502441101643004,-0.8601092592295142,-0.39353913205153035
davep,0,0.006694620853991798,-0.12023050265214347,-0.021182123782304815,-0.8601092592295142,-0.8267634952881425
lithroberto.wordpress.com,0,-0.444562207530877,-0.13395145546944295,-0.20933831595024663,-0.5101744304681157,-0.8510756862539884
juanbauty,0,-0.24091226135098356,0.01843380126750961,-0.15707270701470727,-0.8601092592295142,-0.68045822304619
h4ckernews,1,-0.4439172231568908,-0.1405812601968765,-0.28773672935355576,0.01472781267398182,-0.16375118386978654
autisticphotographer,0,0.46379078583299777,-0.12200067505866447,-0.18320551148247696,0.7145974701967787,-0.40114615336156995
cbckw_mirror,1,-0.4224263438156712,-0.12618453981674171,-0.3138695338213255,-0.8601092592295142,-0.8216583209305215
in.mashable.com,0,-0.444562207530877,-0.1328732067837153,-0.26160392488578604,0.01472781267398182,-1.2324351448086988
theDuesentrieb,0,0.629926100980065,-0.07094150756705486,-0.15707270701470727,-0.8601092592295142,-0.02645051473699064
janamarie,0,-0.35759685564093463,-0.1335177384688379,7.5625577327644615,-0.8601092592295142,-0.03024019583261416
zusterkiekfijn,0,0.3394162990493288,-0.05949898953926399,0.36035682144713277,-0.8601092592295142,-0.4551197807518503
ClubTeleMatique,1,-0.34219125603294126,-0.14172822227562634,-0.2825101684600018,-0.685141844848815,-1.2916398065795718
nubecolectiva,0,-0.33136744989630185,-0.05994095403206323,-0.26160392488578604,1.239499713338876,-0.4943074662884174
lobsters,1,-0.3863099345961249,-0.13878294038238315,-0.27205704667289393,0.18969522705468098,-0.15602864134595942
gulfchannels,0,-0.444562207530877,-0.14255912713473515,-0.3138695338213255,-0.8601092592295142,-0.280782300487281
gamingonlinux,0,-0.4429425223410979,-0.12988173283179444,1.8708329196842215,-0.8601092592295142,-0.9828672046032959
b_age,0,0.09779798606106022,-0.14202796358887443,-0.1727523896953691,-0.8601092592295142,0.6269286896137665
OmroepWest,1,-0.4302502266805284,-0.1374022953111708,-0.3190960947148794,0.01472781267398182,-0.19000556531624713
NathanMurdock,0,1.4923258675496314,-0.12820081911775055,-0.3190960947148794,-0.3352070160874166,-0.8693809198381867
TLCPhotography,0,0.05108865391829659,0.4138430206976926,0.1512943857049752,-0.8601092592295142,-1.5111804503400337
norwayskandinavien.bsky.social,0,-0.02951476287076807,-0.13048289478708722,-0.2145648768438006,-0.685141844848815,-1.1376789467691695
news.err.ee,1,-0.444562207530877,-0.13429475975487756,-0.3138695338213255,-0.3352070160874166,-0.44053405493855263
vibewire,1,-0.4247980434994433,-0.139858207097327,-0.3138695338213255,-0.685141844848815,-0.19837831901641836
fast_company,1,-0.16786391109080437,-0.13361630325313748,-0.2250179986309085,-0.16023960170671733,-0.7835867597260866
mobiflip.de,0,-0.444562207530877,-0.1370172941815161,-0.2772836075664479,-0.3352070160874166,-1.1712616713707675
ben,0,0.7162208897299156,-0.11606884292650971,-0.18320551148247696,-0.8601092592295142,0.7472781878246239
aurianneor,0,0.7773374695484838,-0.13327651939721105,-0.2511508030986782,-0.8601092592295142,0.4073921859150105
JBinnacle,0,-0.43326839951291485,-0.1382867617437536,-0.05254148914362848,-0.8601092592295142,-1.8009095934126051
bobfisherphoto,0,-0.44155951304970426,-0.13931488035888667,0.7628020102507862,-0.8601092592295142,-1.146964981802398
vivizine,0,-0.444562207530877,-0.14246002985565276,-0.3190960947148794,-0.8601092592295142,0.07441743134439965
torrestroy8,0,3.77508681318023,0.6937212135571299,-0.2981898511406636,0.01472781267398182,-0.3669666603520773
Akshay,0,-0.0975299865767077,-0.11487339213908389,-0.1622992679082612,-0.8601092592295142,-0.2613150222006555
neustradamus,0,0.41739490986425837,-0.12134687743182605,-0.2981898511406636,-0.8601092592295142,-0.8783374799914431
engadget,1,-0.22320357037881888,-0.13428698043209641,-0.2406976813115703,-0.5101744304681157,-0.8317998404123652
noticias_economia,0,0.4343617929258242,-0.1393195691351978,-0.2929632902471097,-0.16023960170671733,-0.8868222950120015
willemjakobspieterdrift,0,1.1062352213541813,-0.0239356903622539,-0.3086429729277715,-0.8601092592295142,-1.091079934602424
CuratedHenriMatisse,1,-0.4182099888222987,-0.12027719344543475,-0.2825101684600018,0.01472781267398182,-2.199699558431906
rstv,1,-0.444562207530877,-0.07283883972771275,-0.1884320723760309,1.0645322989581771,-2.2336873395415053
takenji1989pics,0,-0.444562207530877,-0.1209163559324127,-0.2406976813115703,0.01472781267398182,-0.9863739613373044
wsj_markets,1,0.10883438534926825,-0.13103157357734016,-0.09958053718561391,-0.3352070160874166,-1.0044029617248331
OnceUponAGoblin,0,-0.35772787290709335,-0.11505630409698178,-0.2145648768438006,-0.685141844848815,-0.003220245522607978
Mathrubhumi_English,0,-0.444562207530877,-0.14245333921845507,-0.27205704667289393,-0.8601092592295142,-0.6109903651711609
jemmesedi,0,0.535067505822912,-0.142024289374873,-0.2250179986309085,1.5894345421002745,-0.2787547013141718
sevenstorypublishing.com,0,-0.444562207530877,3.981788115155931,0.07812253319522001,-0.16023960170671733,-0.38248619510531934
RogerBW,0,-0.0717720340844193,-0.13753887282128607,-0.08912741539850602,-0.8601092592295142,0.04475134624155388
DM_Ronin,0,-0.3301025706733138,-0.11964864560295853,-0.2041117550566927,-0.8601092592295142,-0.005788287807258344
reillypascal,0,0.24569590831962676,-0.1371350287779971,-0.09958053718561391,-0.16023960170671733,-0.9542005445855352
hiisikoloart,0,-0.04256656930662058,-0.13867899740077713,-0.15707270701470727,-0.8601092592295142,-0.5279169047511566
cbctor_mirror,1,-0.4362404542544838,-0.13150432244552576,-0.3086429729277715,-0.8601092592295142,-0.995819233791073
michael_weyl,0,-0.043550183704684796,-0.09607781729100964,-0.2302445595244624,-0.685141844848815,-0.882666992787041
13character5,0,1.1963789939659017,-0.06243830243223918,-0.2825101684600018,-0.16023960170671733,-0.10077920374483945
npr_news_now,1,-0.07563114561078019,-0.13912884899330155,-0.19365863326958485,0.01472781267398182,-1.7578584040071124
developerjustin,0,-0.09544287682399838,-0.12510857824935576,-0.18320551148247696,-0.8601092592295142,0.027816748019575743
whereistayed,0,0.13650421499327553,0.40411269028178576,-0.2041117550566927,-0.8601092592295142,-1.4294369104066273
officialaptivi.wordpress.com,0,-0.444562207530877,-0.11124577143113805,-0.1257133416533836,-0.8601092592295142,-1.5837488218711118
JonSparks,0,0.18244900189053406,-0.11471955439632785,0.041536606940342474,-0.16023960170671733,-0.8272189180763968
dailybookquote,1,-0.43867500973427975,-0.09906292979400758,-0.1988851941631388,-0.8601092592295142,-0.5873415096620855
megafeastamerica-dmgts.wordpress.com,0,-0.444562207530877,1.0271241951509535,-0.005502441101643004,-0.8601092592295142,-0.8928612695735819
Bild.Reise,0,-0.19971856824304748,-0.1308767240944968,0.24537248178894616,-0.8601092592295142,-0.03222322867028008
Indiefotog,0,0.5641606959468561,-0.08295014444122764,1.4265752437321366,-0.8601092592295142,-1.6478489737217556
VerdantSquareRadio,0,-0.3106759350598741,-0.13920818640273364,-0.047314928250074516,0.01472781267398182,-0.813603212859527
Natanox,0,-0.37796860072378724,-0.13804905607270374,-0.1622992679082612,-0.8601092592295142,-0.07421105767263621
cbctb_mirror,1,-0.37077599514685766,-0.12342392711417972,-0.3138695338213255,0.36466264143538013,-0.9262906928589113
QuickReadeBook,1,-0.444562207530877,-0.12089584252939527,-0.3138695338213255,-0.8601092592295142,-1.2891105515443544
SuccuBotNSFW,1,-0.444562207530877,-0.1422553526527525,-0.2981898511406636,-0.8601092592295142,-1.252031817025899
bluejay,0,-0.19636347487015998,-0.1400995337329,-0.2302445595244624,-0.8601092592295142,0.9440672009299583
unchartedworlds,0,-0.0975618511132212,-0.1355705058566003,-0.2772836075664479,-0.8601092592295142,-0.0053133032886455885
johmmlhll,0,-0.2503879644150366,0.02228331255145557,-0.2302445595244624,-0.8601092592295142,-1.0401857774558583
awp_fr,0,-0.444562207530877,-0.12455830075001635,-0.3190960947148794,-0.685141844848815,-0.793111023849836
dirkolmes,0,1.3803289380381734,-0.07398695172894608,-0.26683048577934,0.36466264143538013,-0.5292549358968801
zwychainy.krakaziablik,0,-0.17040242757190596,-0.12175242599091485,-0.15707270701470727,-0.8601092592295142,0.20791790190545947
iainfo,0,-0.2600966765708286,-0.11562973580071506,-0.3190960947148794,-0.8601092592295142,-1.1713515833103205
stefanhoeltgen,0,-0.18013823349308897,0.09657421285509342,1.0084503722478213,-0.16023960170671733,-0.43820065302812594
cbcsudbury_mirror,1,-0.40885920153860955,-0.12380535312711206,-0.3190960947148794,-0.8601092592295142,-0.7798443640287964
avecinas,0,0.6227026501665459,0.491693077151066,-0.07867429361139819,-0.8601092592295142,-1.039116645100694
bunjin,0,-0.11755512991988207,-0.08296076680690373,0.031083485153234586,-0.5101744304681157,-1.2384000497545806
DiaaMahmoud097,0,3.3400901467730377,-0.12971476722891018,0.3133177734051473,-0.5101744304681157,-1.3264905213909066
kagawa,0,-0.444562207530877,-0.11054897351935015,-0.19365863326958485,-0.3352070160874166,-2.199699558431906
the_verge,1,-0.3062130593108407,-0.1347185674535702,-0.26683048577934,-0.5101744304681157,-0.5203864396073502
GamingBot,1,-0.444562207530877,-0.1293993589074115,-0.14139302433404544,-0.8601092592295142,-0.1683431980890013
TRDEFI,0,2.8758173497499944,-0.14100815402233244,-0.3190960947148794,1.0645322989581771,-0.8428497910871963
Good_News_Community,0,-0.424574971670646,-0.06024230289381117,0.20355999464051458,-0.8601092592295142,-0.720401457160865
coaxial,0,0.5817369283559378,-0.09627462736273906,-0.23547112041801632,-0.8601092592295142,0.4122699594843105
technews,0,-0.36756789895624814,-0.12819790259057556,-0.14661958522759938,0.18969522705468098,-0.6839208979799695
algernon,0,-0.006456571500762037,-0.08749123241911703,-0.07344773271784422,-0.16023960170671733,-0.39478109471439393
jtr,0,-0.2805589126210326,-0.06265487700632352,-0.2511508030986782,-0.8601092592295142,-0.7053410065499836
kochzeitmagazin,0,-0.19464116558500497,-0.04156648612239263,-0.1727523896953691,0.7145974701967787,-0.702324309466676
StellaArnaldo,0,-0.222540819968184,0.03801113170623859,-0.23547112041801632,1.5894345421002745,-0.917317021278819
plaes,0,1.3426366252131985,-0.016234099518774903,-0.3034164120342176,-0.3352070160874166,0.3850711949531361
Glorya.Johanne,0,0.10883438534926825,-0.10548433762948496,0.40739586948911827,-0.8601092592295142,-0.9968095584264476
nebula.tv,0,-0.444562207530877,-0.13059711108403918,-0.2772836075664479,-0.3352070160874166,-1.2784740332544406
mookie,0,-0.3785410815131681,-0.13803324097765404,-0.2145648768438006,1.0645322989581771,-0.5990862916681906
Karl_Theodor,0,0.1629943232183522,-0.14041372551681786,-0.2981898511406636,-0.8601092592295142,0.39982904727704105
franckrichard,0,-0.19860816625081246,0.5195555361424925,-0.2563773639922321,-0.8601092592295142,-0.8753866188682784
foodnotes,0,-0.22320357037881888,-0.02353392304861791,-0.21979143773735457,-0.685141844848815,0.09566062668428635
ct_Magazin,0,-0.44452278901154657,-0.12815615499960267,0.6582707923797074,0.36466264143538013,-0.9265880975609915
SMaddonWriter,0,0.005395769857652297,-0.033794991014559156,-0.1100336589727218,-0.8601092592295142,-0.9326733747574276
metro.co.uk,0,-0.444562207530877,-0.14177204659625223,-0.20933831595024663,-0.5101744304681157,-1.21850747757133
killbait_uk,1,-0.444562207530877,-0.138646089223199,-0.17797895058892302,-0.3352070160874166,-1.479296620354527
baziotis,0,-0.444562207530877,-0.05535554502241452,-0.1100336589727218,-0.8601092592295142,1.1582932151965248
LianaBrooks,0,-0.18973729420859667,-0.11837821955011196,-0.12048678075982969,0.7145974701967787,-0.8784867405665479
keira_reckons,0,0.024130825214552162,-0.12875537137870746,0.8098410582927718,-0.8601092592295142,-0.400028275678016
appassionato,0,-0.40848990815110175,-0.14150751692651378,0.1826537510662988,0.01472781267398182,-0.38561150831079977
thebeeguy,0,-0.38947815867837293,-0.10752033143158858,2.315090595636306,-0.8601092592295142,-0.7921959291558167
kawade,0,0.10883438534926825,1.4768115446251326,-0.3190960947148794,1.239499713338876,0.13075564676677254
wired,1,-0.3062130593108407,-0.13131273082266792,-0.26160392488578604,-0.8601092592295142,-0.6976167240306641
popdavao.com,0,-0.444562207530877,0.2206904532834142,-0.05123484892023998,0.2334370806498558,-1.3207354643570441
stephenblum,0,-0.3892225482428625,-0.12432927224120095,-0.21979143773735457,-0.8601092592295142,0.0021975630173659425
nerdherz,0,-0.33118726085199335,-0.13406851310530657,0.07812253319522001,0.01472781267398182,0.3123751075798259
timopixel,0,-0.2879405303006472,-0.07811490453482746,0.14084126391786736,-0.685141844848815,-0.21756658212624985
ObsidianUrbex,0,-0.43485957471895215,-0.12436697537454994,13.94418858379382,-0.16023960170671733,-0.7171010246114008
CuratedCasparDavidFriedrich,1,-0.3830736972108609,-0.12024534003352241,-0.2981898511406636,0.01472781267398182,-2.199699558431906
landschaftsfotos,1,-0.42852172657782933,-0.0599562466964815,-0.2145648768438006,-0.8601092592295142,-1.2561393226438768
techwire,1,-0.444562207530877,-0.14185905624376466,-0.2981898511406636,-0.685141844848815,-1.1410495129879281
UnderTheHedge,0,-0.07563114561078019,-0.09753011001449541,-0.21979143773735457,-0.8601092592295142,-0.9067724788315081
npr_world,1,-0.22320357037881888,-0.13360730409130786,-0.26683048577934,-0.685141844848815,-1.0362058325399315
DuncanMSussex,0,1.5920659511501227,-0.030452574512290522,-0.2563773639922321,-0.8601092592295142,-0.34540253043822305
antistasisats,0,1.6583448454136749,2.342930104371212,-0.057768050037182404,-0.6413999912536401,0.08086237873820475
Dogsbody,0,0.2524820115862421,0.05818554907743587,-0.07344773271784422,-0.3352070160874166,-0.48980139762724484
people.com,0,-0.444562207530877,-0.132641837800581,-0.23547112041801632,0.5396300558160795,-0.8883699560768711
MicroWave,0,-0.444562207530877,-0.13142481761973393,0.13038814213075942,-0.8601092592295142,-0.21251590656460734
mf_newsdigest,0,-0.4438520418678932,-0.12000589635275094,-0.04208836735652059,-0.8601092592295142,-0.9961253440715616
Theriac,0,0.051458818863366874,-0.1388195108460796,-0.2250179986309085,0.01472781267398182,-0.5923455543856225
CNN,1,-0.4442637196167022,-0.13999021255398753,-0.2981898511406636,0.5396300558160795,-0.3274583590231104
samreciter,0,1.3734402877103606,-0.06937682489722322,-0.26683048577934,-0.685141844848815,0.019806805022210074
FilmNoirPosters,1,0.11972801906738131,-0.06814638920256627,0.1251615812372055,2.1143367852423722,-0.9302693619967046
numerama,0,-0.444562207530877,-0.1391915236292392,-0.3138695338213255,-0.5101744304681157,-1.015597614139372
johnmoyer,0,-0.2152266825535195,-0.03705156935783759,0.2715052862567158,-0.8601092592295142,-1.6000646569886696
KoreanPassion,0,-0.3523294420508528,-0.0734347013896858,-0.23547112041801632,-0.8601092592295142,-0.6555809977052591
VJ_Efemerides,0,-0.36285264348145957,-0.1161316456806921,-0.09958053718561391,-0.8601092592295142,-1.370397699357678
ondarockwebzine.bsky.social,1,-0.4205014861013055,-0.1380733668557659,-0.3034164120342176,-0.8601092592295142,-0.5632008704402278
Cheno24lassiEl,0,-0.30019787895344785,1.2732417288845466,-0.1361664634404915,-0.5101744304681157,-0.18958018974136667
bradr3d,0,8.862562309089746,0.04594099076248206,-0.2563773639922321,0.5396300558160795,-1.6618681154716992
macking,0,-0.1749587392046524,-0.07416762720875614,0.14084126391786736,-0.8601092592295142,-0.5322294626026852
grobi,0,0.10340892855632566,-0.10091697012882238,0.09902877676943579,-0.685141844848815,-1.2667808964073315
gamersvoice,0,0.3216792287647087,-0.07023097650831914,-0.15184614612115332,-0.8601092592295142,-0.7198200991730936
JustGeek,0,-0.444562207530877,-0.11516941626600156,-0.19365863326958485,-0.8601092592295142,-0.866876786103759
OnlyFucts,0,-0.444562207530877,-0.14090419157423856,-0.25376408354545515,-0.8601092592295142,-0.3458468849729849
LondonAndrewsProject,0,-0.444562207530877,-0.07800049973472238,0.7784816929314481,-0.8601092592295142,-1.607491505439768
johanhorneman,0,0.3173723976222849,-0.10350388303322923,-0.07344773271784422,-0.3352070160874166,-0.16338815108285742
acallegaro,0,0.16071531593178187,-0.0293377434349833,1.0659425420769146,-0.8601092592295142,-0.3054080133058814
news,1,-0.4247980434994433,-0.13395704666466254,-0.3190960947148794,-0.8601092592295142,-1.6370919498129797
sagalinked,1,-0.444562207530877,-0.07659159670962076,-0.21979143773735457,0.18969522705468098,-0.6831525541427345
panethos.wordpress.com,0,-0.444562207530877,0.04547766705195235,-0.0839008545049521,-0.8601092592295142,-1.3251337845387976
ios_newsletter_snapp,0,3.7715476489234385,-0.08008734247537735,0.031083485153234586,-0.8601092592295142,-0.2891174630915918
AusSMC,0,-0.4050338794680095,-0.02652441374892233,-0.057768050037182404,0.18969522705468098,-1.0828272470544342
ancin,0,0.13582934109951925,-0.07390627876934919,0.34467713876647094,-0.8601092592295142,-0.43109323257041415
exeter4christian2church4devon.wordpress.com,0,-0.444562207530877,0.013270987450804553,-0.2240677148320805,-0.8601092592295142,-1.894686559514966
cocoloco,0,0.022590760484829994,-0.05217591217525325,-0.06299461093073633,-0.8601092592295142,-0.17212147856964322
Oam_Gui,0,-0.3877818526718116,-0.11476178123260529,-0.15707270701470727,-0.8601092592295142,-1.0183807450220028
npr_news,1,-0.16786391109080437,-0.1376971302707395,-0.21979143773735457,-0.685141844848815,-0.7860888443389735
Lucienwittwer,0,-0.31513881080890754,-0.13375773386745385,-0.2563773639922321,-0.8601092592295142,-0.15782937245179648
clickhere,0,0.5681159114130624,-0.13974728843406609,-0.2406976813115703,-0.8601092592295142,0.5591865651290081
stealthmusic,0,0.44938613481397305,-0.11210010606069082,-0.26683048577934,-0.3352070160874166,0.5608741894953955
npr_up_first,1,0.10883438534926825,-0.055375140830422206,-0.10480709807916788,-0.8601092592295142,-1.0609392094484291
JohnKiriakou,0,-0.4184174866074056,-0.06455700162002674,-0.27205704667289393,2.46427161400377,-1.824719023142293
shadowmitia,0,3.888415370764728,0.1549837846507247,-0.3190960947148794,-0.8601092592295142,1.1582932151965248
manchestereveningnews.co.uk,0,-0.444562207530877,-0.14179126965791194,-0.2825101684600018,-0.5101744304681157,-1.0309228635135286
giannicontarino,0,-0.39040417797854965,0.1607640122699931,0.8516535454412031,0.01472781267398182,0.5231465557108841
yugaego,0,-0.09539530964221395,-0.02861205954495927,-0.1988851941631388,-0.16023960170671733,-0.21346263377263552
debacle,0,0.595398086866029,-0.1382614682415697,-0.06822117182429029,-0.8601092592295142,-0.013649098144104012
cbclondon_mirror,1,-0.423277723189333,-0.12573128025760724,-0.3034164120342176,-0.685141844848815,-0.9630889684516365
